,content,hashtag,date,like,place
0,청국장 찐맛집ㅠ이거 좋아하는사람 다모여!밥 다뿌실맛➰🍚🍚🍚⠀@@청국장에 진심인편!⠀📍서울 강남구 선릉로 420 #청국장서갈비📍09:00 - 21:00⠀@think.seoul⠀#think_ad #띵크서울 #띵크_서울 #서울핫플 #서울여행 #서울맛집 #연남동맛집 #한남동맛집 #영등포맛집 #둔산동맛집 #방이동맛집 #마곡맛집 #익선동맛집 #한남동맛집 #신사동맛집 #봉명동맛집 #구리맛집 #구월동맛집 #양림동맛집 #혜화맛집 #회기맛집 #종로맛집 #신촌맛집 #청담동맛집 #건대맛집 #뚝섬맛집 #선릉맛집,"['#청국장서갈비📍09:00', '#think_ad', '#띵크서울', '#띵크_서울', '#서울핫플', '#서울여행', '#서울맛집', '#연남동맛집', '#한남동맛집', '#영등포맛집', '#둔산동맛집', '#방이동맛집', '#마곡맛집', '#익선동맛집', '#한남동맛집', '#신사동맛집', '#봉명동맛집', '#구리맛집', '#구월동맛집', '#양림동맛집', '#혜화맛집', '#회기맛집', '#종로맛집', '#신촌맛집', '#청담동맛집', '#건대맛집', '#뚝섬맛집', '#선릉맛집']",2021-01-13,0,
1,"#맛집리스트 “맛동산 선릉” (한식)⠀매일 정오와 저녁 6시. 테헤란로를 따라 줄 서있는 빌딩들에서 직장인들이 쏟아져 나온다. 그리고 그들은 허기를 달래거나 고단함을 달랠 장소를 찾아 나선다. 강남은 번잡하고, 역삼은 흥이 안나고, 삼성은 갈 곳이 없다. 그리고 그들의 발길은 강남 맛동산 선릉을 향한다.⠀한 역세권에 맛집 열 곳 나열하기도 쉽지 않은데, 선릉은 한 글에 담기엔 넘치는 느낌이라 종목별로 나눠 3부작으로 올린다. 우선 한식부터 레쓰기릿. (2019년 11월 업데이트)⠀#농민백암순대 - 순대국정식많은 서울 젊은이들에게 맛있는 순대국의 표준을 제시한 식당이다. 국물은 돈코츠라멘처럼 진득하고 장맛이 진하게 녹아있다. 순대는 고기가 많이 들어가 소시지 같은 느낌이고 머릿고기는 살코기 위주로 손질해 아주 담백하다. 점점 길어지는 대기줄이 이 집의 유일한 단점.⠀#아우라지왕순대 - 순대국농민백암순대와 전혀 다른 스타일로, 푹 끓인 사골국물의 묵직한 담백함이 느껴지는 순대국이다. 어미돼지의 머릿고기를 뜻하는 ‘딱통머리’가 들어가는데 고소한 맛과 찰진 식감이 일품이다. 거칠게 손질한 머릿고기만 보던 내게 신선한 자극을 안겨준 곳.⠀#청국장서갈비 - 청국장, 제육볶음청국장인지 된장인지 헷갈리는 그런 청국장이 아니고, 코 끝 찡한 향이 있는 진짜배기 청국장이다. 그런데 입 안에서는 거북한 향은 온데간데 없고 고소함과 담백함만 남는다. 그래서 누군가는 청국장스러워서 좋다하고, 누군가는 청국장스럽지 않아서 좋다한다. 오징어볶음, 제육볶음을 곁들이거나 함께 양푼에 넣어서 비벼먹으면 환상.⠀#피양콩할마니 - 김치콩비지일반적인 비지는 두부를 만들고 남은 찌꺼기로 만드는 것인데, 이 곳의 비지는 콩을 맷돌로 간 후 두부를 빼지 않고 만드는 ‘되비지’를 사용한다. 고르게 갈린 비지를 갈은 돼지고기와 함께 끓여 나오는데 마치 크림 그레이비 같은 비주얼과 식감을 가졌다. 부드럽고 담백한 되비지에 김치로 간을 잡은 김치콩비지가 최애 메뉴. 밑반찬 라인업이 또 어마어마한 곳이다 여기.⠀#하동관강남 - 특곰탕가히 서울 곰탕의 대명사라 할 정도로 맛과 역사가 있는 식당 ‘하동관’. 강남점은 가족사 때문에 직영점으로 인정받지 못하고 있지만 맛은 오리지널과 다르지 않다. 한우 암소의 살코기와 내장만 사용한다는 국물은 맑고 담백하다. 내장에 특별히 거부감이 없다면 무조건 특곰탕으로 고.⠀#뽕나무쟁이 - 족발족발은 식재료의 특성 상 차갑게 식히거나 적어도 한 숨 식혀서 먹어야 제 맛을 느낄 수 있다. 하지만 이 같은 사실이 무색하게, 따족을 선호하는 사람들이 점점 더 많아지는 것 같다. 강남에서 따족하면 빼놓을 수 없는 식당이 ‘뽕나무쟁이’다. 너무 흐물거리지 않게, 하지만 온기는 느낄 수 있게 서브된다. 두껍게 썰어냈음에도 살코기가 퍽퍽하지 않고 불맛이 밴 양념도 썩 나쁘지 않다.⠀#선능설렁탕 - 설렁탕이 곳의 설렁탕은 참 우직하다. 그야말로 뼈빠지게 우려낸 우유같이 뽀얀 국물. 기름기라고는 찾아볼 수 없는 담백한 양지 고명. 첫 만남에 강한 임팩트를 주진 않지만, 또 만나고 싶은 그런 사람 같다. 상쾌한 겉절이와 갓김치의 존재도 든든하다.⠀#신동궁감자탕뼈숯불구이 - 뼈숯불구이돼지 등뼈를 매콤한 양념에 재운 후 숯불에 구워 불맛을 입혔다. 분명 한국 음식인데 왠지 모르게 미국식 바베큐 립이 생각난다. 근데, 맵고 자극적인 음식을 꺼리는 사람들은 나가주세요.⠀#망고플레이트 #빕그루망 #블루리본 #미슐랭가이드 #선릉맛집 #선릉역맛집","['#맛집리스트', '#농민백암순대', '#아우라지왕순대', '#청국장서갈비', '#피양콩할마니', '#하동관강남', '#뽕나무쟁이', '#선능설렁탕', '#신동궁감자탕뼈숯불구이', '#망고플레이트', '#빕그루망', '#블루리본', '#미슐랭가이드', '#선릉맛집', '#선릉역맛집']",2019-11-02,0,농민백암왕순대
2,"★★★★★ #한식외길선릉역 근처 몇 안 되는 맛집이죠. 아는 형님하고 비오는 날 맛있는 점심 한끼 했는데 여기 정말 너무 맛있네요. 점심 시간에는 청국장을 계속 끓이고 있어서 부족하면 더 주신다고도 하네요. 맛있다고 소문난 오징어 볶음은 생각보다 아쉬웠습니다. 근처에 우리집만두, 옥동식, 피양콩, 반룡산, 미풍양주도 인기가 많죠.청국장 2개 주문했는데, 큰 돌솥으로 내주십니다.  콩이나 두부가 정말 엄청나게 가득들어 있어서 국물이 거의 없는 느낌이네요. 밥은 비벼 먹을 수 있게 대접으로 주시는데요, 테이블에  고추장과 참기름도 비치되어 있습니다. 취향껏 넣어서 부추, 무채등 야채를 넣고 비벼서 먹으면 대존맛이네요. 밥 비비기 전에 청국장만 먼저 떠서 먹어봤는데, 구수하면서 고소한 콩맛이 기가 막힙니다. 간이 살짝 강한편이라 밥 비벼 먹기에도 아주 좋은 것 같습니다. 청국장 원래 좋아해서 여기저기 많이 다녀보는데, 여기 정말 완전 대존맛입니다....사이드로 머 시킬까 고민하다가 워낙 오징어 볶음에 대한 칭찬이 많아서 주문해봤는데요, 개인적으로 오징어 볶음은 그냥 그랬던 것 같습니다. 탱글탱글한 오징어는 좋은데, 볶음양념맛이 조금 아쉽네요. 다음에는 제육볶음을 먹어봐야겠네요..유튜브는 담에 찍어보겠습니당...ㅋ.#청국장서갈비#청국장#청국장맛집#선릉#선릉맛집#선릉청국장#선릉점심#선릉추천#추천맛집#맛집#강남#역삼#수요미식회#수요미식회청국장#강남청국장#역삼청국장#삼성#삼성청국장#강남맛집#역삼맛집#삼성맛집#직장인점심#먹방외길","['#한식외길선릉역', '#청국장서갈비', '#청국장', '#청국장맛집', '#선릉', '#선릉맛집', '#선릉청국장', '#선릉점심', '#선릉추천', '#추천맛집', '#맛집', '#강남', '#역삼', '#수요미식회', '#수요미식회청국장', '#강남청국장', '#역삼청국장', '#삼성', '#삼성청국장', '#강남맛집', '#역삼맛집', '#삼성맛집', '#직장인점심', '#먹방외길']",2020-05-21,0,청국장서갈비
3,"🥄Today's Menu : 직장인꼬르륵레터 두 번째 이야기는 직장인이야.실패 없는 점심 메뉴 추천부터직장인과 뗄 수 없는 커피 이야기까지!먹으려고 출근하는 사람들은 꼭 읽어줘.💌구독하러가기@corrrrec_letter 프로필링크보면 볼수록 배고파지는 뉴스레터,#꼬르륵레터",['#꼬르륵레터'],2021-10-01,0,
4,선릉에살때엄마랑자주가던맛집🏡제육.오징어.청국장다시켜야함ㅎㅎ큰사발에밥이랑반찬넣고청국장이랑섞어먹는게매뉴얼인데 난따로먹는게더좋음🙂 #청국장서갈비 #수요미식회맛집 #선릉역맛집 #선릉맛집 #대치동맛집 #청국장 #청국장맛집 #오징어볶음 #제육볶음 #밥도둑 #저녁메뉴 #먹스타그램,"['#청국장서갈비', '#수요미식회맛집', '#선릉역맛집', '#선릉맛집', '#대치동맛집', '#청국장', '#청국장맛집', '#오징어볶음', '#제육볶음', '#밥도둑', '#저녁메뉴', '#먹스타그램']",2021-02-01,0,청국장서갈비
5,"[청국장서갈비, 2019]근데 청국장만 먹으면 단조로울 수 있잖아? 여기는 내가 20살 때 상경해 서울에서 처음으로 살았던 동네인데 오랜만에 들린 김에 밥 먹고 갔어. 서서갈비도 아니고 서갈비가 뭔지 모르겠지만 메뉴에 갈비는 없어. 청국장이 칼칼한 매운 맛은 아니라 밥에 고추장, 참기름과 넣고 비벼서 오징어볶음이랑 같이 먹으면...#청국장서갈비 #청국장 #오징어볶음 #대치동 #대치동맛집 #선릉맛집 #선릉역 #선릉역맛집 #청국장찌개 #청국장맛집 #수요미식회맛집 #수요미식회 #오징어볶음맛집 #좋아요 #좋아요반사 #좋반 #좋반사 #좋아요그램 #첫줄 #첫줄반사 #첫줄좋반 #먹스타그램 #맛집그램 #foodstagram #likeforlikes #likeforfollow #l4l #like4likes #いいね #いいね返し","['#청국장서갈비', '#청국장', '#오징어볶음', '#대치동', '#대치동맛집', '#선릉맛집', '#선릉역', '#선릉역맛집', '#청국장찌개', '#청국장맛집', '#수요미식회맛집', '#수요미식회', '#오징어볶음맛집', '#좋아요', '#좋아요반사', '#좋반', '#좋반사', '#좋아요그램', '#첫줄', '#첫줄반사', '#첫줄좋반', '#먹스타그램', '#맛집그램', '#foodstagram', '#likeforlikes', '#likeforfollow', '#l4l', '#like4likes', '#いいね', '#いいね返し']",2020-07-23,0,청국장서갈비
6,"#청국장서갈비 “그래, 이게 청국장이지”⠀• 청국장최근에 생기는 청국장 체인 식당들을 보면 깔끔하다 못해 청국장과 진한 된장국의 애매한 경계에 서 있는 경우가 많다. 이런 것도 나름의 매력은 있지만, 그래도 냄새 없는 청국장은 향기 없는 꽃 아니겠나.⠀이 곳의 청국장은 코 끝이 찡해지는 향을 뿜으면서도 막상 입안에 넣으면 그저 고소함과 담백함만 느껴진다. 그래서 누군가는 여기가 청국장스러워서 좋다하고, 다른 누군가는 청국장스럽지 않아서 좋다한다.⠀• 오징어볶음 제육볶음청국장에 부족한 맵단은 볶음 요리들이 채운다. 일단 접시를 받는 순간 그 넉넉함에 기분이 좋다. 제육은 질척거리지 않는 매콤한 양념에, 오징어는 좀 더 달달하고 당기는 양념에 볶아준다.⠀• 콜라보청국장과 볶음 요리는 따로도 준수하지만 만났을 때 서로를 더 빛나게 한다. 양푼에 밥을 털어넣고, 들기름 넉넉히 두른 후 청국장과 오징어볶음 투하, 이후 무채, 부추 넣고 쓱쓱 비비면 밥 한 그릇 받고 한 그릇 더! 레이스가 시작된다.⠀청국장은 청국장다워야 한다.인근 직장인은 물론이고, 위와 같은 생각을 가지고 있는 사람이라면 어느정도 거리를 이동해서도 찾아와 먹을만한 식당이다.⠀- 추천메뉴: 청국장, 제육볶음, 오징어볶음⠀#청국장맛집 #선릉맛집 #선릉역맛집 #숨은맛집 #골목식당 #수요미식회맛집","['#청국장서갈비', '#청국장맛집', '#선릉맛집', '#선릉역맛집', '#숨은맛집', '#골목식당', '#수요미식회맛집']",2020-01-13,0,청국장서갈비
7,도심속 맛집 (선릉로420)멘토 사장님께서 추천해주신곳으로선릉에있는 대포집 느낌?😍청국장과 감칠맛나는 오징어 볶음에 무채 비듬나물 콩나물 해서 쓱삭쓱삭 오른손으로 비비고 왼손으로 비비면 팔도 진미집😅..선착순 3분 함께 드시러가실래요? 쏩니다😂..도심속의 화려한 인테리어 말고 소박한 맛집 공유합니다...#청국장서갈비 #정든부부 #구수하게 #점심한끼는맛있게 #다이어트중외식 #관리해주는남자 #토종음식 #빼독라이프 #tr90,"['#청국장서갈비', '#정든부부', '#구수하게', '#점심한끼는맛있게', '#다이어트중외식', '#관리해주는남자', '#토종음식', '#빼독라이프', '#tr90']",2021-08-06,0,
8,"오늘의 점심, 선릉역 맛집 발견! #청국장서갈비 수요미식회 나온 집~#선릉역맛집#점심#맛집#청국장#제육볶음#오징어볶음#수요미식회#맛스타스램#점심스타그램","['#청국장서갈비', '#선릉역맛집', '#점심', '#맛집', '#청국장', '#제육볶음', '#오징어볶음', '#수요미식회', '#맛스타스램', '#점심스타그램']",2021-09-02,0,선릉 Seolleung
9,#선릉역맛집 매일 뭘 먹나 고민하는 그런 직장인 생활중.사진은 맛있었던 것 순으로.(사실 또 가고 싶은 집은 2곳뿐)#통영집회덮밥 안 좋아하는데 이 집 회가 맛있음. 반찬도 다 괜찮음#수라선솥밥 깔끔하게 먹기 좋음.제철 재료도 신선하고. 민어솥밥이었는데 안 비리고 꼬소함 ㅋㅋ#청국장서갈비청국장은 원래 잘 안 먹으니까 패스하고오징어볶음은 달달하고 깔끔함.#큰입아구찜 아구찜집인데 점심에 백반 장사를 하고밥을 다 솥밥으로 주심. 음식도 빨리 나오고 깔끔하고 맛도 괜츈#슐미랭삼걍 점심에 고기 먹자고 선릉가든 가다가 잘못 미끄러졌는데쌈장이랑 채소 등등 고기 빼고는 다 좋았음.기본적으로 냉삼에 바싹 구운 고기를 안 조아해서 ㅋㅋ점심에 식사메뉴로 짜글이 라면 같은 거 팔던데다음에 그거 먹어보러 가고 싶음#치찌중화식당이 집 군만두가 그렇게 맛있다고 해서 먹으러 갔더니그냥 그럼. 중국집 치고 음식도 늦게 나오고면도 불어 나옴. #반포식스여기 왜 맨날 사람 많은지 노이해맛 없는 건 아닌데 그렇다고 또 맛있는 것도 아님.뉴욕스타일 아시아 퀴진이라서 메뉴는 그나마 쌀국수집보다 조금 더 많은 정도. 남의 돈으로 먹어도 맛이 걍 그렇네. ㅋㅋㅋ#이자카야나무술집에서 점심 장사하는데 아줌마가 맨날 전단지 열심히 돌리셔서 가봤더니 뭔가 눈탱이 맞은 기분. 다시는 안 갈거임. 흥#오한수우육면가여기 장사 잘 되던데 내가 생각한 우육탕 맛은 아님.다대기를 안 풀어 그런가..하지만 그렇다고 해도 중화풍은 아님. 김치가 잘 어울리는 맛. ㅋㅋㅋ아직은 그래도 갈 식당이 많이 남아있다. 🤗,"['#선릉역맛집', '#통영집회덮밥', '#수라선솥밥', '#청국장서갈비청국장은', '#큰입아구찜', '#슐미랭삼걍', '#치찌중화식당이', '#반포식스여기', '#이자카야나무술집에서', '#오한수우육면가여기']",2021-10-15,0,
10,"1)목적-왜이유의 중심에는 고객이 있다.고객의 삶과 세상을 어떻게 더 좋게 만들것인지 설명하고 브랜드의 정체성을 표현하라.-나이키 :인간 잠재력을 확장한다.-컬로그: 가정에 영양을 공급하고 성장을 돕는다-스타벅스: 인간의 정신에 영감을 불어 넣는다.(저는 개인적으로 영감을 불어 넣는걸 좋아함..그것을 통해 잠재력이 확장된다고 생각함)2)원칙-어떻게목적에 접근하는 방법을 분명하게 규명한다.조직이 따르는 높은 단계의 개념, 조직 내부의 문화,리더십, 조직문화와 구조에 대한 영향을 미친다.목적을 더 분명히하고 오랫동안 유지되도록 하는 차별화와 소통을 위한 개념적 플랫폼이 원칙이다.-나이키는 성과 향상에 도움이 되는 다양한 서비스와 기술적으로 우월한 스포츠용품을 제공하여 '사람들이 최고의 기량을 발휘할 수 있도록'돕고자 한다.-켈로그는 '건강한 아침 식사용 시리얼로 구성된 포트폴리오'를 구성하고, 모든 가족 구성원의 요구를 충족시키기 위해 다양한 브랜드와 제품을 제공-스타벅스는 커피와 일상의 '제3의 공간'이 되는 카페를 통해 '사람과 사람의 연결'을 추구.3)실천-무엇을목적에 맞춰 전략 선택. 전략적으로 만들어진 선택은 계획과 프로세스를 움직이고, 혁신과 경험을 촉진, 제품과 서비스를 만듬.목적의식이 있는 개념들을 전달, 그 독특함이 결국 수익으로 연결.-나이키는 디지털 애플리케이션 나이키플러스와 온라인 피트니스 클럽, 새로운 원단이나 신발 디자인등 다양한 전략을 통해 사람들의 기량을 최고로 발휘하도록 도움.-캘로그는 바쁘게 움직이는 생활방시에 맞춘 새로운 제품군, 지속가능한 재료전달, 생산이나 포장으로 다양한 전략활용.-스타벅스는 온라인 음악공유 플랫폼부터 지역사회를 위한 행동 등 다양한 전략 활용.효과적인 목적은 탄탄하고 명확한 기뱌 위에 세워진다.-#책아이디어중요약위와 같은 올바른 목적들을 실행하는 행동들은 조직구성원들이 일을 통해 하나가 되고 성취하는 성취감을 준다고 생각합니다.#선릉역맛집 #청국장서갈비 #독서스타그램 #아이디어","['#책아이디어중요약위와', '#선릉역맛집', '#청국장서갈비', '#독서스타그램', '#아이디어']",2021-10-01,0,
11,#청국장서갈비#jmt청국장과 오징어볶음,"['#청국장서갈비', '#jmt청국장과']",2021-09-11,0,선릉 Seolleung
12,청국장 맛집 드디어 인증 #청국장 #청국장서갈비,"['#청국장', '#청국장서갈비']",2021-09-10,0,청국장서갈비
13,"주말먹부림기록😋[토요일아침] #청국장서갈비 된찌랑 오징어볶음 + 밥반공기 [토요일점심] #랄루차 치킨퀘사디아 2쪽, 과카몰리랑 나초, 피나콜라다😍[토요일저녁] 엄마표 요거트랑 과일, 견과류, 그래놀라 가득[일요일아침] 무화과, 삶은계란, 과일요거트[일요일점심] #만포막국수 에서 이북식찜닭, 쟁반막국수, 만두2개(꿀맛ㅠㅠ), 빈대떡1쪽 [일요일저녁] 스타필드 #폴트버거 단품 잘도먹은 이틀이었다 ㅎㅎ 주말이니 편하게먹은 대신 4끼 -> 3끼로 줄이고, 과식하지않으려 신경을 썼더니 증량없이 잘 선방함!!!! 평일을 타잇하게 관리할 힘을 얻음!!!","['#청국장서갈비', '#랄루차', '#만포막국수', '#폴트버거']",2021-08-30,0,
14,#선릉 #청국장서갈비 #정말오랜만에,"['#선릉', '#청국장서갈비', '#정말오랜만에']",2021-08-23,0,청국장서갈비
15,"#역삼 맛집 #한티역맛집 #역삼동 맛집 #도곡동맛집 1. #뽕나무쟁이 #양념족발족발이 이렇게 부드러울 수가 있나..! 가격에 비해 양이 많거나 반찬이 잘 나오는 것도 아닌데 이 양념족발 하나로 모든 설명이 끝나는 집. 늘 사람들로 북적인다.2. #소공순대 #제육정식#제육덮밥 에는 원래 수육이 나오는 정식이 안되는데 사장님이 정식으로 바꿔주셨다. 제육도 수육도 평균 이상인 맛. 혼밥 가능한 자리들 있으니 가보세요!3. #셀러브리티버거 #에그오믈렛#버거 도 #감자튀김 도 맛있었다! #감튀 에 소스 그득 뿌려주는 거 내 취향ㅋㅋ다음에 다른 감튀먹으러 가보고 싶다. 매장 내에 깨끗한 화장실 있어서 좋아요.4. #행복담은행복김밥#돈까스 , #크림소스 가 올라간 돈크 #오므라이스 그냥 저냥 먹을만했다.5. #청국장서갈비 무난해요 제육6. #맛자랑 #제육볶음고기도 부드럽고 반찬도 맛있는 집. 또 갈 의향 있어요.7. #브레덴버거 #닭강정 #달걀샐러드 #샌드위치닭강정 샌드위치가 촉촉하고 가장 맛있다! 하나만 먹어도 배부를 정도로 속이 가득 차 있다.","['#역삼', '#한티역맛집', '#역삼동', '#도곡동맛집', '#뽕나무쟁이', '#양념족발족발이', '#소공순대', '#제육정식', '#제육덮밥', '#셀러브리티버거', '#에그오믈렛', '#버거', '#감자튀김', '#감튀', '#행복담은행복김밥', '#돈까스', '#크림소스', '#오므라이스', '#청국장서갈비', '#맛자랑', '#제육볶음고기도', '#브레덴버거', '#닭강정', '#달걀샐러드', '#샌드위치닭강정']",2021-08-23,0,
16,저녁에는 청국장♥️...#청국장서갈비 #선릉 #선릉맛집 #선릉역맛집 #대치동 #대치동맛집,"['#청국장서갈비', '#선릉', '#선릉맛집', '#선릉역맛집', '#대치동', '#대치동맛집']",2021-08-12,0,청국장서갈비
17,"청국장서갈비(서울 강남구 선릉로 420).*맛: ★★★★★(냄새 안나는 청국장 맛집. 구수한 냄새와 걸쭉한 전통적인 청국장이라기보다는 도시형 깔끔한 스타일의 청국장이라고 보면 된다. 청국장도 반찬도 쎄지 않은 간에 삼삼하게 먹기 좋은 맛).*서비스/분위기: ★★★☆☆(작은 가게라 빨리 먹고 나가줘야 하다보니 혼밥 또는 반주를 겯들이고 싶은 손님은 홀대 받는 듯하다.).*가격 가성비:★★★★☆(청국장 8,000원으로 선릉에서 무난한 가격).*종합 점수: ★★★★☆(선릉역 청국장 수요미식회 맛집. 깔끔한 청국장을 선호한다면 가볼만한데, 반찬이나 가게 위생은 엄청 깔끔해보이진 않아서 참고하시길)",[],2021-08-11,0,청국장서갈비
18,❤청국장오징어볶음#생각나는맛.선릉삼실 근처에 맛집 👍청국장에 오징어볶음 몇일전에 먹은건데자꾸생각나네요아주오래된 맛집이래요형ㅈㅔ라인 사장님이 추천해주신 10년전부터 오셨던곳이라네요금요일 아침부터 매콤한게 생가나는건무엇😂🤣어떤날 매운음식이 땡기시나요??#오늘하루도성공하세요🤗 ...#8월6일#정든부부#리여자#유유네#같이의가치#맛스타그램 #먹스타그램 #청국장과오징어볶음#일상#소통#남매#yesmom되기#한국인의장맛#청국장서갈비#선릉맛집#오늘아님주의#굿리치#석세스리더스그룹 #선팔#맞팔,"['#생각나는맛.선릉삼실', '#오늘하루도성공하세요🤗', '#8월6일', '#정든부부', '#리여자', '#유유네', '#같이의가치', '#맛스타그램', '#먹스타그램', '#청국장과오징어볶음', '#일상', '#소통', '#남매', '#yesmom되기', '#한국인의장맛', '#청국장서갈비', '#선릉맛집', '#오늘아님주의', '#굿리치', '#석세스리더스그룹', '#선팔', '#맞팔']",2021-08-06,0,
19,-순대국 좋아하는 짝궁따라서~~웨이팅 어마하다는 😟😅#오징어풍경#잇쇼우#삼탱이시래기밥#뽕나무쟁이#김태주선산곱창#떡판왕#명정루#배가무닭볶음탕#우리집만두#고운님#청국장서갈비#오레노카츠#미쓰양꼬치#동래정#단초식당#마담밍#핵밥#미태리#김일도#별양집#우밀면옥#서래향#하얼빈가정식#신동궁감자탕#일미집#피양콩할마니......,"['#오징어풍경', '#잇쇼우', '#삼탱이시래기밥', '#뽕나무쟁이', '#김태주선산곱창', '#떡판왕', '#명정루', '#배가무닭볶음탕', '#우리집만두', '#고운님', '#청국장서갈비', '#오레노카츠', '#미쓰양꼬치', '#동래정', '#단초식당', '#마담밍', '#핵밥', '#미태리', '#김일도', '#별양집', '#우밀면옥', '#서래향', '#하얼빈가정식', '#신동궁감자탕', '#일미집', '#피양콩할마니......']",2021-07-21,0,농민백암왕순대
20,💁‍♀️은경이랑맛잇는아침☀️🍚찐청국장맛집🤩😋#청국장서갈비,['#청국장서갈비'],2021-07-21,0,청국장서갈비
21,"요기가 진짜 청국장 찐맛집!! 퇴근하고 밥먹으면서 토닥토닥😚✔청국장(8,000원)-> 세상에서 우리 할머니 청국장이 제일 맛있다고 생각했는데,, '할머니 미안..' 하는 맛이예요!!✔닭도리탕(35,000원)-> 조리 시간이 좀 걸린다고 전화로 미리 예약해야 먹을 수 있어용!! 전혀 비릿맛 없고 너어어무 맛있어용!!✔오징어볶음(9,000원)-> 오징어볶음,,이 뭐라고 이렇게 맛있데요? 다 같은 오징어볶음이 아니더라고요오!!💫할머니사장님이신데 정감가용 아 일단 청국장이 너무 맛있고요,,,,💫경찰 청년들이 와서 식사하시는데 사장님이 밥한공기 더 주시는게 너무 부러웠어용!! 경찰분들도 너무 훈훈했고요 흠..!💫강남 맛집인데 양도 맛도 일품이고, 가격도 강남치고 착한거같아요!!#청국장서갈비#선릉맛집#선릉#청국장#찐맛집#맛집추천#존맛#존맛탱#먹스타그램#직장인#점심#저녁","['#청국장서갈비', '#선릉맛집', '#선릉', '#청국장', '#찐맛집', '#맛집추천', '#존맛', '#존맛탱', '#먹스타그램', '#직장인', '#점심', '#저녁']",2021-07-21,0,청국장서갈비
22,・된장찌개랑 청국장있으면어느 쪽이 좋아하세요？아...제가 역시 ‘納豆好き’일본사람이라서어느 쪽인가 하면 청국장이 더 좋아하는 편이에요여기네선릉역 인근에 위치하고 있으며 도심 한복판 작은 청국장집이네요보글보글 끓여진채로 나왔으며 비교적 쿰쿰한 냄새가 약한 청국장이에요 이 오징어볶음도 수준급이네요전 한국음식 청국장이 진짜 좋아하니까청국장맛집이 그 밖에도 있으면 꼭 알려주세요ㅇㅇ#청국장서갈비#청국장 #청국장맛집 ・・・📍서울 강남구 선릉로 4202수인분당선릉역2번 출구에서192m영업시간 평일 09:00-21:00 브레이크타임 15시-17시 토요일 09:00-21:00 브레이크타임 15시-17시 일요일 휴무 ・・・#한국#서울#맛집투어#먹방#강남맛집#맛집탐방#먹방스타그램#한국어#열공#韓国#ソウル#三成#宣陵#毎月韓国旅行#ソウル旅行#渡韓#韓国グルメ#韓国ごはん#韓国好き#ツウの韓国#私のアナザースカイ#毎月ソウルの想い出#korea#seoul#visitseoul,"['#청국장서갈비', '#청국장', '#청국장맛집', '#한국', '#서울', '#맛집투어', '#먹방', '#강남맛집', '#맛집탐방', '#먹방스타그램', '#한국어', '#열공', '#韓国', '#ソウル', '#三成', '#宣陵', '#毎月韓国旅行', '#ソウル旅行', '#渡韓', '#韓国グルメ', '#韓国ごはん', '#韓国好き', '#ツウの韓国', '#私のアナザースカイ', '#毎月ソウルの想い出', '#korea', '#seoul', '#visitseoul']",2021-07-20,0,청국장서갈비
23,이틀새 #수요미식회 맛집을 두개나 가따! #새벽집 #청국장서갈비 #새우살 … 사르르르 녹았다.. 잘 있어여… 모두들… 👋,"['#수요미식회', '#새벽집', '#청국장서갈비', '#새우살']",2021-06-25,0,
24,#오늘의점심메뉴#청국장서갈비 에서친구랑 #청국장 이랑 #제육볶음 먹었어요운동 후에 먹어서 더 꿀맛🤤여기서 제육은 처음 먹었는데제육도 맛있게 먹었어요!! #청국장맛집 #선릉맛집 #선릉청국장 #선릉역맛집추천식당 근처만 가도 #청국장냄새진동오늘의 #점심은일반식 으로#선릉역점심,"['#오늘의점심메뉴', '#청국장서갈비', '#청국장', '#제육볶음', '#청국장맛집', '#선릉맛집', '#선릉청국장', '#선릉역맛집추천식당', '#청국장냄새진동오늘의', '#점심은일반식', '#선릉역점심']",2021-06-16,0,
25,"#선릉#청국장서갈비#제육볶음요약: 청국장 존맛인데 제육은 메인으로 부적격, 파리와 겸상가능하니 위생문턱 낮으신 분들만 방문. 그래도 친절한 곳.선릉 청국장하면 첫번째로 꼽을 수 있는 청국장서갈비.첫번째 방문 때, 맛있게 먹었던 청국장 덕에 오늘은 제육볶음을 맛보러 방문했다.좌식테이블과 입식테이블이 공존하며, 위생관념은 다소 낮은편에 청국장 냄새가 쿰쿰하지만 맛하나만 믿고 갈 수 있는 곳이다.주문한 제육은 정말 빨리 나왔으며, 미국산 뒷다리살이라 재료 자체의 퀄리티는 상당히 낮은 편이었다. 제육 양념은 개포동에 위치한 ‘빨간오뎅 부산어묵’ 양념처럼 거친 고춧가루의 맛과 진한 물엿맛이 주를 이루는 스타일이었으며, 밥반찬보다는 비빔밥의 재료, 혹은 술안주로 어울리는 편이었다.다만 청국장과 마찬가지로 비빔 그릇과 함께 나오는 밑반찬들은 아쉬운 마음을 달래기 충분한 맛이라 그 부분은 만족스러웠다.사람들이 대체로 청국장을 반드시 시키고, 사이드로 제육이나 오징어볶음을 시키는 이유가 분명한 곳. 파리가 계속 유입되지만 벌레차단막이는 설치하지 않는 곳.청국장이 미치도록 당길 때에만 방문하는 것으로 해야겠다.","['#선릉', '#청국장서갈비', '#제육볶음요약:']",2021-06-15,0,
26,#선릉#청국장#제육볶음#청국장서갈비,"['#선릉', '#청국장', '#제육볶음', '#청국장서갈비']",2021-06-14,0,청국장서갈비
27,구수한 맛이 일품인 청국장🍚맛집에서 한그릇😋...#맛스타그램 #먹스타그램 #먹방#강남맛집 #선릉맛집 #연예인맛집#청국장서갈비 #청국장 #구수함 #꿀맛#푸짐한한상 #아점 #주말 #일상,"['#맛스타그램', '#먹스타그램', '#먹방', '#강남맛집', '#선릉맛집', '#연예인맛집', '#청국장서갈비', '#청국장', '#구수함', '#꿀맛', '#푸짐한한상', '#아점', '#주말', '#일상']",2021-05-22,0,
28,.청국장&오징어볶음...#청국장서갈비 #알럽청국장#청국장맛이쪙#오징어볶음#휴일점심 😋,"['#청국장서갈비', '#알럽청국장', '#청국장맛이쪙', '#오징어볶음', '#휴일점심']",2021-05-19,0,청국장서갈비
29,.ㅡ오늘 궁궁이랑식품박람회 구경가서선물세트 기웃기웃세상 참 편해졌네신기한 간편 조리법들대게장원픽이다✔️#HMRHomeMealReplacement#코엑스#박람회딱봐도 맛집이다 싶은허름한 백반집 갔는데 너무 맛있다숨도 안쉬고 왁왁 먹었다#대치동#맛집#청국장서갈비#주말같던#오늘#휴일끝,"['#HMRHomeMealReplacement', '#코엑스', '#박람회딱봐도', '#대치동', '#맛집', '#청국장서갈비', '#주말같던', '#오늘', '#휴일끝']",2021-05-05,0,
30,.아니 왜 몰랐어이런 동네 맛집!!오랜만에 청국장 먹으니 너무 맛있자나.#일상 #데일리 #daily #먹방 #맛스타그램 #식당 #한식 #맛집 #비빔밥 #청국장 #오징어볶음 #청국장서갈비 #대치동 #수요미식회,"['#일상', '#데일리', '#daily', '#먹방', '#맛스타그램', '#식당', '#한식', '#맛집', '#비빔밥', '#청국장', '#오징어볶음', '#청국장서갈비', '#대치동', '#수요미식회']",2021-05-05,0,
31,#선릉#제육#청국장#청국장서갈비,"['#선릉', '#제육', '#청국장', '#청국장서갈비']",2021-04-15,0,청국장서갈비
32,"선릉역 맛집 청국장서갈비에서 청국장과 오징어볶음을 먹었다. 청국장은 수요미식회에서 문 닫기 전에 가야 할 청국장 맛집으로 선정된 이유를 인정할 수밖에 없는 맛이었다. 간이 조금 센 편이었지만, 내가 좋아하는 맛과 향을 지닌 진한 청국장이었다. 그리고 오징어볶음도 불 맛이 나면서 고춧가루의 맛이 매콤하면서 깔끔해 맛있었다. 오징어도 질기지 않고 부드러우면서, 쫄깃한 식감이 살아 있어 먹기 좋았다. 청국장과 채소를 넣고 비빈 밥에 오징어볶음을 곁들여 먹으면서 아주 즐겁게 식사할 수 있었다.​#청국장서갈비 #수요미식회맛집 #수요미식회청국장 #선릉역맛집","['#청국장서갈비', '#수요미식회맛집', '#수요미식회청국장', '#선릉역맛집']",2021-04-07,0,청국장서갈비
33,#선릉#청국장#제육#비빔밥#청국장서갈비,"['#선릉', '#청국장', '#제육', '#비빔밥', '#청국장서갈비']",2021-03-25,0,청국장서갈비
34,"강남 한복판에서 느끼는 고향의 맛.식당 한켠을 빼곡히 채운 쎌럽의 싸인이 이집의 내공을 단편적으로 보여준다.아침을 먹을 수 있는 음식점은 귀하다, 거기다 강남 한복판에서라면 더 귀하다. 더불어 투박한 할머니의 손맛이 느껴지는 청국장은 아침에 빈속을 든든하게 채워주기엔 재격이다.대접에 공기밥 하나 넣고, 콩나물이나 부추 넣고, 청국장에 참기름 한 바퀴 둘러 비벼먹음 어느 맛있는 음식 부럽지 않다. 하지만 청국장 외 볶음 메뉴도 밥에 비벼먹기 좋게 국물이 많은 볶음이다. 사람마다 취향이 나뉘겠지만 개인적으로 국물 없이 불 맛 나는 제육볶음을 좋아하는 지라. 다음번 방문한다면 청국장 하나만 시킬 듯.#타락지수😆😆😆총총 : 아침부터 선릉역 근방에서 배고픔에 방황하고 있다면..#청국장서갈비#맛스타그램 #맛집스타그램 #조식맛집 #아침맛집#foodstagram #foodporn #food#크누맛집 #크누맛집_서울 #크누맛집_강남 #크누맛집_선릉 #크누맛집_역삼 #크누맛집_선릉역#서울맛집 #강남맛집 #역삼맛집 #선릉맛집 #선릉역맛집","['#타락지수😆😆😆총총', '#청국장서갈비', '#맛스타그램', '#맛집스타그램', '#조식맛집', '#아침맛집', '#foodstagram', '#foodporn', '#food', '#크누맛집', '#크누맛집_서울', '#크누맛집_강남', '#크누맛집_선릉', '#크누맛집_역삼', '#크누맛집_선릉역', '#서울맛집', '#강남맛집', '#역삼맛집', '#선릉맛집', '#선릉역맛집']",2021-03-25,0,청국장서갈비
35,수요미식회 신동엽이 강추한#대치동 #청국장서갈비 여기는 진짜 맛집이다대신 온 몸에 청국장냄새😂,"['#대치동', '#청국장서갈비']",2021-03-22,0,청국장서갈비
36,청국장+제육볶음 조합 최고👍 #청국장서갈비#먹스타그램 #맛스타그램 #데일리 #일상 #소통 #좋아요 #좋아요반사 #좋반 #선팔 #맞팔 #선팔하면맞팔 #인친 #팔로우 #데일리 #존맛탱 #일상 #맛집추천 #먹방 #카페 #카페투어 #선릉맛집 #삼성동맛집 #선릉역맛집 #삼성역맛집 #대치동맛집 #강남맛집 #청국장맛집 #청국장,"['#청국장서갈비', '#먹스타그램', '#맛스타그램', '#데일리', '#일상', '#소통', '#좋아요', '#좋아요반사', '#좋반', '#선팔', '#맞팔', '#선팔하면맞팔', '#인친', '#팔로우', '#데일리', '#존맛탱', '#일상', '#맛집추천', '#먹방', '#카페', '#카페투어', '#선릉맛집', '#삼성동맛집', '#선릉역맛집', '#삼성역맛집', '#대치동맛집', '#강남맛집', '#청국장맛집', '#청국장']",2021-03-08,0,
37,점심엔청국장&저녁엔생선구이#선릉맛집 #청국장서갈비 #상도맛집 #어촌생선구이 요즘 뭐든 왜이렇게 다 맛있고 난리냐😋너무 잘먹어서 몸이 무거워지니 계단오를때 #숨차,"['#선릉맛집', '#청국장서갈비', '#상도맛집', '#어촌생선구이', '#숨차']",2021-03-06,0,
38,"📍Restaurant Review - Cheonggukjang Seogalbi🥘 in Daechi-dong대치동 청국장 서갈비수요미식회 맛집, 연예인 단골집👨‍🎤으로 유명한 청국장 서갈비(갈비 파는 곳 아님)시골 청국장 맛집으로 시그니처 메뉴는 청국장과 오징어 볶음🦑모든 재료 국내산🇰🇷만 사용하고 조미료🧂맛이 나지 않는 깔끔한 맛👍🧾내가 시킨 메뉴/가격▶️ 청국장 8,000원▶️ 오징어볶음 9,000원▶️ 제육볶음 9,000원.......#청국장서갈비 #청국장 #청국장맛집 #수요미식회맛집 #연예인맛집 #강남맛집 #선릉맛집 #강남맘 #워킹맘 #일상 #점심메뉴","['#청국장서갈비', '#청국장', '#청국장맛집', '#수요미식회맛집', '#연예인맛집', '#강남맛집', '#선릉맛집', '#강남맘', '#워킹맘', '#일상', '#점심메뉴']",2021-02-22,0,청국장서갈비
39,#청국장서갈비#선릉역#맛집#오징어볶음🦑#청국장찌개,"['#청국장서갈비', '#선릉역', '#맛집', '#오징어볶음🦑', '#청국장찌개']",2021-02-20,0,
40,✍🏻아침밥 뿌시자!!#청국장서갈비 수요미식회에 반영되고 많은 연예인들이 방문했더라구요 밥비벼 먹을 수 있는 갖가지 나물반찬과 찐~한 참기름이 특징인 이곳..!✅ 청국장 (8000₩)마트에서 파는 청국장이 아닌 수제 청국장 느낌의 꼬릿꼬릿함!😆저는 청국장의 꼬릿한 냄새가 진할 수록 좋더라구요 (할머니입맛..❤️)간도 그렇게 짜지 않고 두부가 많아서 좋았어요 😊✅ 제육볶음 (9000₩)제가 평소에 제육볶음을 그리 좋아하진 않는데그래도 여기는 먹을만 했어요 🙂남자친구가 맛있다고 다 먹었어요 ㅋㅋ🔸총평🔸맛과 양 모두 좋았지만 ...어르신들이 하시는 곳이라 그런가 마스크 착용이 아쉽더라구요..🥲시국이 시국인 만큼 잘 착용해 주셔야 손님들이 안심하고 먹으러 올 것 같아요 😅🐷세슐랭가이드 ⭐️⭐️📍 서울 강남구 선릉로 420,['#청국장서갈비'],2021-02-19,0,
41,"⠀⠀수요미식회에 나온 청국장 맛집, 역시 나는 구수한 입맛⠀#선릉맛집#대치동맛집#청국장서갈비”#청국장(￦8.0)#오징어볶음(￦9.0)","['#선릉맛집', '#대치동맛집', '#청국장서갈비”', '#청국장(￦8.0)', '#오징어볶음(￦9.0)']",2021-02-04,0,청국장서갈비
42,#선릉#청국장#제육#청국장서갈비,"['#선릉', '#청국장', '#제육', '#청국장서갈비']",2021-02-04,0,청국장서갈비
43,선릉역 인근에 위치한 청국장 서갈비에서 청국장과 오징어볶음으로 한 끼 만끽하였다. 은마상가 산월수제비집이 오늘 쉰다 하여 택한 차선책 이었으나 사실상 그 이상의 파워를 자랑하는 곳이다. 딱 비주얼 그대로의 맛인 이곳은 언제나 사람들로 북적인다. 낮술 일잔 하고 싶었으나 애 학원 대기중인 관계로 자중하였다. 날은 춥고 도로 위 염화칼슘 바람에 흩날리는 오후.. 청국장 냄새 솔솔 풍기며 차로 돌아가고 있다.#청국장서갈비 #선릉맛집 #안경쓴거북이 #바람에염화칼슘날리면나도몰래,"['#청국장서갈비', '#선릉맛집', '#안경쓴거북이', '#바람에염화칼슘날리면나도몰래']",2021-01-09,0,청국장서갈비
44,청국장서갈비~수요미식회나와서 유명해진 동네맛집~갖은나물에 청국장한국자넣코 들기름넣어비벼먹으니 느므 맛있다 거기에 매콤달콤한 오징어볶음까지~  이 조합을위해 퇴근하는딸 기다리다 배가고프다못해 자꾸 찔러서 죽을뻔ㅠ무심한플레이팅에서 오는 저 찐맛집의 포스가ㅋㅋ 피드보니 웃음이저절로ㅎ#청국장서갈비#수요미식회#신동엽#연예인싸인가득#주인아주머니짱#오징어볶음#제육볶음#들기름#비빔밥#청국장#된장찌게,"['#청국장서갈비', '#수요미식회', '#신동엽', '#연예인싸인가득', '#주인아주머니짱', '#오징어볶음', '#제육볶음', '#들기름', '#비빔밥', '#청국장', '#된장찌게']",2020-12-02,0,
45,"[대치동 맛집] #청국장서갈비갈비는 없고 청국장만 있다최고의 청국장이라고 감히 말할 수 있다특히 비빔밥에 넣는 들기름은 지존주문은 암호로 ""하나 하나요""잠시 후 청국장과 오징어볶음이 나온다#샤론코치 #청국장서갈비 #대치동맛집 #신동엽씨사진있는집","['#청국장서갈비갈비는', '#샤론코치', '#청국장서갈비', '#대치동맛집', '#신동엽씨사진있는집']",2020-11-30,0,
46,#청국장맛집「서울 강남구 대치동 897-3」#청국장서갈비#수요미식회,"['#청국장맛집「서울', '#청국장서갈비', '#수요미식회']",2020-11-16,0,
47,#식단비교어제 점심의 푸짐함 vs  오늘 저녁의 간촐함너무 비교 된다!!!!(어제 참으로 행복했었다 😑)우선은 식단표대로 2주간 해 볼 참~2주 후 과연 어떤모습이 기다리고있을지... 기대하기^^~.#공개다이어트 #청국장#비빔밥#청국장서갈비#선릉맛집#당섭취그만#메가디톡스프로그램#미네랄워터#디바문은다이어트중,"['#식단비교어제', '#공개다이어트', '#청국장', '#비빔밥', '#청국장서갈비', '#선릉맛집', '#당섭취그만', '#메가디톡스프로그램', '#미네랄워터', '#디바문은다이어트중']",2020-11-13,0,
48,#선릉#청국장#제육#청국장서갈비,"['#선릉', '#청국장', '#제육', '#청국장서갈비']",2020-11-05,0,청국장서갈비
49,#청국장서갈비 #청국장 #오징어볶음 #대치동,"['#청국장서갈비', '#청국장', '#오징어볶음', '#대치동']",2020-11-02,0,청국장서갈비
50,#선릉맛집발견#두공기뚝딱#청국장서갈비 #오징어볶음대박,"['#선릉맛집발견', '#두공기뚝딱', '#청국장서갈비', '#오징어볶음대박']",2020-10-29,0,청국장서갈비
51,#청국장서갈비#수요미식회#신동엽.연예인맛집#가성비대비 훌륭한집상호가 청국장서갈비인데갈비는없음~ㅋ#청국장.오징어볶음....밑반찬도 깔끔하고맛있음짜지않아 젊은고객선호주차는 안되는거아시죠?^^,"['#청국장서갈비', '#수요미식회', '#신동엽.연예인맛집', '#가성비대비', '#청국장.오징어볶음....밑반찬도']",2020-10-24,0,
52,".집에선 냄새땜에 청국장 먹기가 힘드니까 청국장이 유명하다는 곳으로 먹으러 감 😃노포 스타일에 수요미식회 맛집이라 싸인도 많이 붙어있고,음식도 빨리 나오고, 반찬 양이 푸짐가게 이름이 #청국장서갈비 인데 메뉴에 갈비는 없네!청국장이랑 오징어볶음 주문!큰 그릇에 청국장이랑 나물들 넣고 고추장이랑 들기름에 비벼먹는 스타일인데 난 그냥 흰밥에 청국장만 떠먹는게 더 맛난거 같다 😋청국장은 향도 쎄지 않고, 맛도 쎄지 않은~추운 날은 역시 펄펄 끓는게 죠하 🤗오징어볶음도 바로 볶아서 주시는데 오징어가 연했다♡..#오드리햇반 #청국장 #오징어볶음 #나물 #비빔밥 #오징어 #서울맛집 #강남맛집 #대치동맛집 #역삼맛집 #수요미식회맛집 #먹스타 #맛스타 #완맛 #jmt #한식 #백반 #먹스타그램 #푸드스타그램 #일상 #소통 #데일리 #맛집 #dessert #food #kfood #foodporn #foodstagram #instafood","['#청국장서갈비', '#오드리햇반', '#청국장', '#오징어볶음', '#나물', '#비빔밥', '#오징어', '#서울맛집', '#강남맛집', '#대치동맛집', '#역삼맛집', '#수요미식회맛집', '#먹스타', '#맛스타', '#완맛', '#jmt', '#한식', '#백반', '#먹스타그램', '#푸드스타그램', '#일상', '#소통', '#데일리', '#맛집', '#dessert', '#food', '#kfood', '#foodporn', '#foodstagram', '#instafood']",2020-10-23,0,청국장서갈비
53,..#대치동 에 #청국장맛집 이 있다길래!#집밥 잘하시는 할머니가 해주시는 평범한맛이지만 이런곳이 없다는게 문제!#제육볶음 도 달짝지근 밥도둑#수요미식회맛집#신동엽맛집 #청국장서갈비,"['#대치동', '#청국장맛집', '#집밥', '#제육볶음', '#수요미식회맛집', '#신동엽맛집', '#청국장서갈비']",2020-10-22,0,청국장서갈비
54,"식단🍋아침 - 🍎반개,🥯반개,🍳🍳,☕,바질페스토?ㅋ🍋점심 - 청국장, 밥반, 나물 들기름 비빔(고추장X)🍋저녁 - 생오리고기, 쑥갯, 청꼬, 꼬마파프, 통매늘, 된장, 진미채, 고굼1개🍠,애스패래거스병원 일 볼겸 가끔 가던 단골집~ 그리워 하던 맛집, 청국장집👍신세한탄 하며 프로혼밥러😏- 사장님! 밥 반공기만 주세요~- 덜어내고 먹어~(재수없었나 봄ㅋ)- 네~~😏든든한 고약한 녀석 낸새만🤧아니면 매일🤭?모두 운동, 식사~맛저녁들 하세융😊먹는것 까지가 운동이다(계속 재수털리는 발언)식단#다이어트#다이어터 #diet #dieter #유지어터 #헬스타그램 #하체비만#운동스타그램 #운동하는여자#헬린이 #헬스타그램 #식단 #아침 #계란 #베이글 #사과 #커피 #바질페스토 #점심#청국장 #청국장서갈비 #존맛탱 #비빔밥 #저녁 #오리고기 #야채 #고구마 #아스파라거스","['#다이어트', '#다이어터', '#diet', '#dieter', '#유지어터', '#헬스타그램', '#하체비만', '#운동스타그램', '#운동하는여자', '#헬린이', '#헬스타그램', '#식단', '#아침', '#계란', '#베이글', '#사과', '#커피', '#바질페스토', '#점심', '#청국장', '#청국장서갈비', '#존맛탱', '#비빔밥', '#저녁', '#오리고기', '#야채', '#고구마', '#아스파라거스']",2020-10-21,0,
55,#조쉐린가이드여긴 그냥 삼삼한 할무니 집밥 느낌입니다! 이미 너무 유명해서 이 근처 사람들은 다 아는 곳~! 특히 저는 오징어볶음에 양파가 젤 맛있어여! 달큰하니 자꾸 양파만 골라 먹고 있는 내 자신... 양파는 살 안찌니까여... 괜찮죠.............🥺#청국장서갈비 #청국장 #오징어볶음 #선릉 #선릉맛집 #선릉역맛집 #맛집,"['#조쉐린가이드여긴', '#청국장서갈비', '#청국장', '#오징어볶음', '#선릉', '#선릉맛집', '#선릉역맛집', '#맛집']",2020-10-20,0,청국장서갈비
56,"#청국장서갈비오늘 유독 힘드네요 여러분?이럴 때는 저는 한식을 찾아요선릉에 있는 유명한 청국집 맛집입니다대부분 청국장, 오징어or제육볶음 시켜서 드세요여기 청국장은 정말 진한데 꼬린내?가 안나요그래서 깔끔하고 진한느낌! 콩의 고소함은 다 살아있고요흰밥+청국장 조합으로 반쯤 즐겨주시다가대접에 각종 나물과 고추장 들기름 청국장 넣고 쓱쓱 비벼먹으면 제대로 드시는 거제육 오징어 둘다 맛있어서 취향따라 고르셔요!.▪청국장서갈비▪서울 강남구 선릉로 420▪02-561-1019▪추천메뉴 : 청국장(8,000) 제육볶음,오징어볶음(9,000)..#선릉 #선릉맛집 #선릉청국장 #청국장맛집 #수요미식회 #신동엽맛집 #대치동맛집 #대치동 #한식 #한식맛집 #맛뉴픽 #맛집뉴스 #맛뉴 #맛뉴_선릉","['#청국장서갈비오늘', '#선릉', '#선릉맛집', '#선릉청국장', '#청국장맛집', '#수요미식회', '#신동엽맛집', '#대치동맛집', '#대치동', '#한식', '#한식맛집', '#맛뉴픽', '#맛집뉴스', '#맛뉴', '#맛뉴_선릉']",2020-10-19,0,
57,#선릉#청국장#제육볶음#청국장서갈비,"['#선릉', '#청국장', '#제육볶음', '#청국장서갈비']",2020-10-08,0,청국장서갈비
58,.청국장 너무 조아보리밥이없어 아쉬움.......#청국장서갈비#청국장비빔밥 #제육볶음 🐷 #다음엔오징어볶음으로#구수하쥬 😊 #알럽청국장,"['#청국장서갈비', '#청국장비빔밥', '#제육볶음', '#다음엔오징어볶음으로', '#구수하쥬', '#알럽청국장']",2020-09-27,0,청국장서갈비
59,#선릉#청국장#제육볶음#청국장서갈비,"['#선릉', '#청국장', '#제육볶음', '#청국장서갈비']",2020-09-23,0,청국장서갈비
60,#청국장 한번 먹으러 갔다가 맛에 반해 또 찾은 맛집ᆞᆞᆞ#참기름넣고 청국장넣고 쓱싹쓱싹ᆞᆞᆞ#대치동#대치동맛집#청국장서갈비#청국장맛집#오징어볶음#청국장#옷에 청국장 냄새 잘베김,"['#청국장', '#참기름넣고', '#대치동', '#대치동맛집', '#청국장서갈비', '#청국장맛집', '#오징어볶음', '#청국장', '#옷에']",2020-09-19,0,청국장서갈비
61,적당한 청국장의 간과 저금은 쎈듯한 제육볶음의 조화라...#선릉역맛집 #선릉맛집 #청국장서갈비 #청국장 #제육볶음 #비빔밥 #반주 #먹부림어르신들이 제법 좋으시다.이제 과음은 지양합니다.,"['#선릉역맛집', '#선릉맛집', '#청국장서갈비', '#청국장', '#제육볶음', '#비빔밥', '#반주', '#먹부림어르신들이']",2020-09-18,0,
62,#청국장서갈비 #선릉역 #청국장 #오징어볶음 #제육볶음,"['#청국장서갈비', '#선릉역', '#청국장', '#오징어볶음', '#제육볶음']",2020-08-27,0,청국장서갈비
63,야근하면 점심때 웨이팅 있는 식당도 편하게 들어가서 먹을수 있지 후후,[],2020-08-20,0,청국장서갈비
64,요즘 요기 매일 가고 싶은곳🥳🥳🥳오늘도 맛있게 잘 먹었습니다 #점심시간#청국장서갈비#오징어볶음#비빔밥,"['#점심시간', '#청국장서갈비', '#오징어볶음', '#비빔밥']",2020-07-18,0,청국장서갈비
65,#먹스타그램 #맛스타그램#먹너구리_청국장서갈비 #먹너구리_강남#청국장서갈비#대치동맛집 #대치맛집#선릉맛집#수요미식회.청국장서갈비 @ 수요미식회청국장이것은 천국장쿰쿰한 향과 대비되는 깔끔한 맛대접에 야채와 쓱쓱 비벼먹는 맛,"['#먹스타그램', '#맛스타그램', '#먹너구리_청국장서갈비', '#먹너구리_강남', '#청국장서갈비', '#대치동맛집', '#대치맛집', '#선릉맛집', '#수요미식회.청국장서갈비']",2020-07-15,0,
66,선릉 청국장서갈비...#청국장 #청국장서갈비 #수요미식회 #수요미식회맛집 #비빔밥 #선릉맛집 #깔끔한맛 #맛집 #soypastesoup #cheonggukjang #koreanfood #seoul #kangnam,"['#청국장', '#청국장서갈비', '#수요미식회', '#수요미식회맛집', '#비빔밥', '#선릉맛집', '#깔끔한맛', '#맛집', '#soypastesoup', '#cheonggukjang', '#koreanfood', '#seoul', '#kangnam']",2020-07-10,0,선릉역
67,"#청국장 #끝판왕 #선릉역 #청국장서갈비나는 청국장,된장에 고추장 비벼먹는거 제일 좋아함.. (내 프사처럼)청국장이 너무 먹고 싶어서 찾아간곳!이미 너무 유명해소 들어갔는데 오늘은 딱 한자리 남아있었다~!고추장 넣고 비비려고 했는데, 사장님께서 오징어볶음 국물 넣고 비벼야 환상이라고 알려주심..ㅋㅋㅋㅋ근데 여기 오징어볶음이 유명한데, 난 제육볶음이 더 맛있었다 ㅠㅠ💕그냥..두가지 다 시키세여 어차피 다 먹을 수 있어용.🤣ㅋㅋㅋㅋ계란후라이는 원래 안나오는데, 은근슬쩍 사장님한테 여쭤보면 해주신다. 바쁘실때는 못해주시고, 옆테이블에서 들으면 다들 해달라 하시기때문에 정말 은밀히 물어봐야 해주심.. (추가비용있어욤)비비다가 고추장이나 오징어볶음 조절 못해서 비빔밥이 짜지면, 밥도 더 제공해주신다!!이곳의 단점을 뽑자면, 주차가 절대 안됌.. 선릉역 근처 빌딩주차장이나 유료주차장에 주차하세여~~~🤗3시부터 5시 브레이크타임 😇","['#청국장', '#끝판왕', '#선릉역', '#청국장서갈비나는']",2020-07-07,0,청국장서갈비
68,"대치 청국장서갈비선릉역 2번 출구, 대치동 골목에 위치한 곳강남 직장인들이라면 다 아는대치동의 오래된 밥집, 청국장서갈비정겨운 식당 아주머님들과구수한 청국장, 양념 좋은 볶음이밥그릇을 금세 가볍게 만든다청국장 냄새가 시나브로 옷에 배지만웬만한 향수보다 그 향이 좋은 곳잘 먹은 편",[],2020-07-05,0,청국장서갈비
69,_오징어볶음 맛집 드디어 찾았네청국장도 넘맛주차만 수월하면 매일오고싶당#청국장#오징어볶음#한국인입맛#선릉맛집#대치동맛집#한식맛집#청국장맛집#수요미식회#수요미식회맛집#청국장서갈비,"['#청국장', '#오징어볶음', '#한국인입맛', '#선릉맛집', '#대치동맛집', '#한식맛집', '#청국장맛집', '#수요미식회', '#수요미식회맛집', '#청국장서갈비']",2020-06-29,0,청국장서갈비
70,: 밥 한공기 뚝딱!..#힢맛집 #힢맛집_강남구 #힢맛집_선릉#먹스타그램 #맛스타그램 #맛있다그램.#선릉 #선릉맛집#대치동맛집 #역삼맛집 #청국장서갈비 #청국장맛집#직장인맛집 #줄서서먹는집.#청국장 #오징어볶음#나물반찬 #비빔밥 #들기름#슥삭슥삭 #우걱우걱,"['#힢맛집', '#힢맛집_강남구', '#힢맛집_선릉', '#먹스타그램', '#맛스타그램', '#맛있다그램.', '#선릉', '#선릉맛집', '#대치동맛집', '#역삼맛집', '#청국장서갈비', '#청국장맛집', '#직장인맛집', '#줄서서먹는집.', '#청국장', '#오징어볶음', '#나물반찬', '#비빔밥', '#들기름', '#슥삭슥삭', '#우걱우걱']",2020-06-14,0,청국장서갈비
71,#한국인의장맛 #청국장서갈비 #청국장맛집 #도곡맛집 #대치맛집,"['#한국인의장맛', '#청국장서갈비', '#청국장맛집', '#도곡맛집', '#대치맛집']",2020-06-12,0,청국장서갈비
72,Since 1990년대 숨도안쉬고 먹은 20년조금넘은노포 #청국장서갈비 수요미식회에 나온곳 동엽신의 극찬한 맛집 👍청국장 (진짜맛있뜸 에어밥두공기 가능)오징어볶음(칼칼하고 약간 나누미떡볶이맛)된장찌개 (블로그에 극찬인뎅 청국장한테  졌뜸)진짜 숨도안쉬고 계속맛있다 와우 이러면서 밥두공기씩 날려버림ㅋㅋ 진짜맛있다 강추합니다 👍👍,['#청국장서갈비'],2020-06-08,0,강남구 선릉역
73,#청국장서갈비 📍#선릉맛집 맛있으면 계속계속 방문 #청국장맛집 1 #오징어볶음 1 #세뚜세뚜 #선릉역맛집 #밥집 #듀콩로드 #듀콩선릉 #듀콩맛집,"['#청국장서갈비', '#선릉맛집', '#청국장맛집', '#오징어볶음', '#세뚜세뚜', '#선릉역맛집', '#밥집', '#듀콩로드', '#듀콩선릉', '#듀콩맛집']",2020-06-04,0,청국장서갈비
74,#청국장서갈비 📍 #청국장맛집 또 다른 동네 맛집 ❤️최애집 청국장 오져요 오징어 볶음도 오져요 비벼 먹을 수 있는 그릇에 기본찬 훌륭 쓱쓱 푸짐한 한끼 ❤️#한국인의밥상 👍🏻 #선릉역맛집 #듀콩로드 #듀콩맛집 #듀콩선릉,"['#청국장서갈비', '#청국장맛집', '#한국인의밥상', '#선릉역맛집', '#듀콩로드', '#듀콩맛집', '#듀콩선릉']",2020-05-24,0,청국장서갈비
75,선릉쪽에 위치한 청국장으로 유명한 밥집!가격도 적당하고 믿고 배불리먹을수있는밥집이네요^^오징어볶음 제육볶음 다~맛있어요....#서울 #서울맛집 #맛집탐방 #먹방 #먹부림 #선릉맛집 #대치맛집 #선릉역맛집 #청국장 #청국장맛집 #오징어볶음 #제육볶음 #혼밥 #밥집 #청국장서갈비 #수요미식회맛집 #salt #pepper #소금 #후추 #소중한 #일상,"['#서울', '#서울맛집', '#맛집탐방', '#먹방', '#먹부림', '#선릉맛집', '#대치맛집', '#선릉역맛집', '#청국장', '#청국장맛집', '#오징어볶음', '#제육볶음', '#혼밥', '#밥집', '#청국장서갈비', '#수요미식회맛집', '#salt', '#pepper', '#소금', '#후추', '#소중한', '#일상']",2020-05-18,0,청국장서갈비
76,"선릉 청국장서갈비청국장가벼운 느낌의 부드러운 청국장이다. 두부, 양파가 듬뿍 들어있다. 비벼 먹을 대접엔 가볍게 양념이 된 부추가 있다. 무생채, 콩나물, 이름 모를 나물을 넣고 두부랑 청국장 콩을 건져 넣는다. 두부가 건져도 건져도 계속 나온다. 처음엔 청국장이랑 참기름만 넣고 비벼서 먹다가 고추장을 조금 넣어 반만 비벼 먹어봤는데 안 넣은 게 더 맛있더라심심한 듯 하나 청국장 향과 참기름의 향이 자연스러웠다. 이 맛을 보고 고추장을 넣고 비비니 텁텁하고 맛이 너무 강해져 버렸다. 쿰쿰한 향이 강하게 나지 않아 청국장을 좋아하지 않는 사람도 편히 먹을 수 있는 맛. 오징어볶음도 맛있던데 다음에 도전해봐야지!...#선릉#청국장서갈비#청국장#비빔밥","['#선릉', '#청국장서갈비', '#청국장', '#비빔밥']",2020-05-09,0,청국장서갈비
77,Mar. 2020. #청국장서갈비#청국장#오징어볶음#어른 입맛👵🏻👴🏻,"['#청국장서갈비', '#청국장', '#오징어볶음', '#어른']",2020-05-02,0,선릉 Seolleung
78,#청국장서갈비 📍#수요미식회맛집 #청국장맛집 !!!!!매일 출퇴근길 지나가는데 그냥 백반집인줄맠 알았던 !!!이곳이 존맛탱구 찐맛집 이라는게 ㅠ 옆집 백반집 가고 실망 했는데 ... 왠열 반찬도 괜찮고 청국장에 비벼 먹을 수 있게 나오는 부수적인 것들도 참 맘에 들었음 챔기름&고추장 굿 #선릉역맛집 #듀콩로드 #듀콩선릉 #듀콩밥집,"['#청국장서갈비', '#수요미식회맛집', '#청국장맛집', '#선릉역맛집', '#듀콩로드', '#듀콩선릉', '#듀콩밥집']",2020-04-28,0,청국장서갈비
79, ,[],,0,
80,#맛스타그램 #먹스타그램 #주말#오랜만에 #청국장서갈비 #수요미식회맛집 #오징어볶음 #청국장 #배터졍 #🐷#foodstagram #koreanfood,"['#맛스타그램', '#먹스타그램', '#주말', '#오랜만에', '#청국장서갈비', '#수요미식회맛집', '#오징어볶음', '#청국장', '#배터졍', '#🐷', '#foodstagram', '#koreanfood']",2020-04-18,0,
81,#첫줄#점심 #냠냠..밥에 나물 넣고 청국장을 #슥슥 #비벼비벼 ~오징어볶음도 #한입 앙~ #😆 #맛있다 #😋..2차로 #막걸리 3차로 #맥주 #불금 #끝....#일상스타그램 #점심스타그램 #청국장서갈비 #청국장 #오징어볶음 #꿀맛 #밥심 #술이들어간다 #술잔은부딪혀야맛이지 #좋다 #비오는금요일 #맨날술이야 #🤣,"['#첫줄', '#점심', '#냠냠..밥에', '#슥슥', '#비벼비벼', '#한입', '#😆', '#맛있다', '#😋..2차로', '#막걸리', '#맥주', '#불금', '#끝....', '#일상스타그램', '#점심스타그램', '#청국장서갈비', '#청국장', '#오징어볶음', '#꿀맛', '#밥심', '#술이들어간다', '#술잔은부딪혀야맛이지', '#좋다', '#비오는금요일', '#맨날술이야', '#🤣']",2020-04-18,0,
82,"3인이 가서 청국장 2인분에 오징어1, 고추장x 오징어양념o,들기름+++이모님께 강제 훈계식 추천받아서 굳탱 🙏🏾#청국장서갈비",['#청국장서갈비'],2020-04-08,0,청국장서갈비
83,"⠀⠀⠀⠀종각역 근처에 위치한 쌈밥집 #수정식당⠀⠀제육볶음 하면 제일 먼저 떠오르는 곳이 바로 이 집입니다.⠀⠀신선한 쌈채소와 맛있는 찬들..특히 이 집 계란찜하고 오뎅볶음을 좋아합니다.⠀된장찌개와 막장도 같이 나옵니다.⠀달궈진 철판 위에 제육볶음이 나오는데,기름이 적당히 배어 나와 오일리 한 느낌이 있습니다.(너무 드라이한 제육 보다는 촉촉한 스타일을 좋아해요)​⠀삼겹살, 목살, 갈매기살, 항정살, 가브리살구위용으로 사용하는 비싼 부위들이야 어떻게 먹어도 맛있습니다만⠀전지나 후지 같은 경우이렇게 맛깔나게 양념 버무려 제육볶음으로 먹거나간장 양념해서 연탄불에 직화로 구워 먹는 게최선인 것 같아요 ^^⠀⠀쌈 채소 위에 밥 조금,제육 넉넉히그 위에 펀 마늘과 막장 조금 찍어 올려한 쌈 크게 싸서 '앙' 하면 너무 맛납니다 ㅎㅎ⠀⠀간장게장은 굳이 주문하지 마시고 전문점에서 드세요 ^^⠀⠀​⠀서울에서 제육볶음으로 유명한 집들 참고하세요.⠀화곡동 - #충북식당화곡동 - 다채화곡3동 - 자매식당화곡6동 - #해성식당신정4동 - #옥천집양평동5가 - #너도나도식당문래동 - 아바이순대국문래동 - #은진포차증산동 - 신안밥상노고산동 - 형제식당합정동 - 남산찌개합정동 - #옹달샘서교동 - 일미식당창천동 - 초당쌈밥연희동 - 녹원쌈밥대현동 - 볶음쌈밥대현동 - 수라대신동 - 삼진식당신수동 - #도꼭지도화동 - #굴다리식당남영동 - #신들래보쌈한강로1가 - 진주식당여의도동 - #별미볶음점여의도동 - 본토박이여의도동 - 하루소반여의도동 - 수정쌈밥노량진동 - 영흥정육식당노량진동 - 제육발견흑석동 - 이천쌀밥신림동 - 엄마손맛봉천동 - 시골집사당1동 - 보성식당사당동 - 배꼽시계사당동 - 농부쌈밥상도동 - 다래식당낙원동 - #일미식당명륜2가 - 명륜건강원휘경동 - 짱구네식당회기동 - 도읍지제기동 - 야순네식당청량리동 - 광주식당번동 - 고향식당정릉동 - 송백식당동선동1가 - 제순식당산림동 - #나드리식품산림동 - 주유소식당산림동 - 인성식품수송동 - 현궁통인동 - #인왕식당관철동 - 수정식당관훈동 - #꽃밥에피다관수동 - 전라도맛집당주동 - 광화문집서소문동 - 소공동뚝배기집정동 - 덕수정정동 - 정동길소공동 - 사직골다동 - 대원집남창동 - 대도식당후암동 - 미성식당남대문로5가 - 명동집예지동 - 수정식당쌍림동 - #뚝배기집신당동 - 유정식당장충동2가 - #맹산식당공릉동 - 마들식당자양동 - 왕벌행당동 - 장어구이본점성수동1가 - #소녀방앗간성수동1가 - 할머니의레시피한남동 - 향기고을청담동 - 현대정육식당청담동 - 청담골삼성동 - #이십사절기신사동 - 신미식당신사동 - #딸부자네불백신사동 - 두부공작소반포동 - 진미식당역삼동 - #랭돈대치동 - 의령전원대치4동 - #청국장서갈비대치4동 - #광주식당서초동 - 호씨네식당서초동 - #종가집양재동 - 오제섞어문정동 - 묵골무공해쌈밥천호동 - 군산식당⠀⠀","['#수정식당⠀⠀제육볶음', '#충북식당화곡동', '#해성식당신정4동', '#옥천집양평동5가', '#너도나도식당문래동', '#은진포차증산동', '#옹달샘서교동', '#도꼭지도화동', '#굴다리식당남영동', '#신들래보쌈한강로1가', '#별미볶음점여의도동', '#일미식당명륜2가', '#나드리식품산림동', '#인왕식당관철동', '#꽃밥에피다관수동', '#뚝배기집신당동', '#맹산식당공릉동', '#소녀방앗간성수동1가', '#이십사절기신사동', '#딸부자네불백신사동', '#랭돈대치동', '#청국장서갈비대치4동', '#광주식당서초동', '#종가집양재동']",2020-04-04,0,
84,👍🏻 선릉맛집 🦑 오징어볶음 그리고 믿고먹는 청국장 -오늘점심! 베리굿~~~~♥️-#선릉맛집 #청국장서갈비#유일하게사먹는청국장#진짜맛집#냄새주의#하루종일냄새 🤣🤣🤣-ɴᴜsᴋɪɴ 🖤이유진—————————— 👩🏻👦🏻👨🏻💕ᴷᴬᴷᴬᴼᵀᴬᴸᴷ 뉴스킨호야맘 -#자산만들기 #부부사업 #권리수입 #디지털노마드 #배워서하는사업#플랫폼비즈니스 #정직한사람들과#함께_WIN_WIN_문화#뉴스킨호야맘👩🏻👦🏻👨🏻💕 #뉴스킨부부사업가#뉴스킨호야맘_뉴스킨호야대디#코람데오 🙏🏻,"['#선릉맛집', '#청국장서갈비', '#유일하게사먹는청국장', '#진짜맛집', '#냄새주의', '#하루종일냄새', '#자산만들기', '#부부사업', '#권리수입', '#디지털노마드', '#배워서하는사업', '#플랫폼비즈니스', '#정직한사람들과', '#함께_WIN_WIN_문화', '#뉴스킨호야맘👩🏻👦🏻👨🏻💕', '#뉴스킨부부사업가', '#뉴스킨호야맘_뉴스킨호야대디', '#코람데오']",2020-03-03,0,
85,-한국인의맛--#청국장#선릉#청국장서갈비#선릉청국장#선릉밥집#먹스타그램#한식#청국장집#수요미식회#선릉수요미식회#냠냠#선릉청국장#food#foodie#koreansoup#koranfood#cheonggukjang#yummy#soup#fermentfood#traditionalfood#foodpic#onthetable,"['#청국장', '#선릉', '#청국장서갈비', '#선릉청국장', '#선릉밥집', '#먹스타그램', '#한식', '#청국장집', '#수요미식회', '#선릉수요미식회', '#냠냠', '#선릉청국장', '#food', '#foodie', '#koreansoup', '#koranfood', '#cheonggukjang', '#yummy', '#soup', '#fermentfood', '#traditionalfood', '#foodpic', '#onthetable']",2020-02-27,0,
86,날씨가 오늘 너~~무좋다 ^○^ㆍㆍ#잠실#강남#대치맛집#청국장서갈비#논현카페#이디야랩,"['#잠실', '#강남', '#대치맛집', '#청국장서갈비', '#논현카페', '#이디야랩']",2020-02-24,0,Gangnam District
87,청국장 넘 조아!🤎후식은 마늘빵!🥖-----#냄새강한것들만먹었네#청국장서갈비 #숨은맛집#오징어볶음도환상#라라브레드,"['#냄새강한것들만먹었네', '#청국장서갈비', '#숨은맛집', '#오징어볶음도환상', '#라라브레드']",2020-02-20,0,청국장서갈비
88,#청국장 먹고싶어서 찾아왔어요🙋‍♂️ㆍㆍㆍ#청국장 맛집#선릉맛집#선릉역#대치동#청국장서갈비#맛도좋아#가격도착해#단골집예약👍 #오징어볶음#양념이 잘배겨서#정말 맛있네요#배만 안불렸으면#3그릇까지가능#개존맛#청국장 오징어볶음 1개씩 시켰더니#비빔밥은 덤#수요미식회맛집,"['#청국장', '#청국장', '#선릉맛집', '#선릉역', '#대치동', '#청국장서갈비', '#맛도좋아', '#가격도착해', '#단골집예약👍', '#오징어볶음', '#양념이', '#정말', '#배만', '#3그릇까지가능', '#개존맛', '#청국장', '#비빔밥은', '#수요미식회맛집']",2020-02-19,0,청국장서갈비
89,#청국장서갈비#청국장 8000원 #제육볶음 9000원#선릉맛집#수요미식회#시골맛#한국맛#내가좋아하는맛#대치동점심#직장인점심#선릉점심#맛집#냄새꼬리꼬리,"['#청국장서갈비', '#청국장', '#제육볶음', '#선릉맛집', '#수요미식회', '#시골맛', '#한국맛', '#내가좋아하는맛', '#대치동점심', '#직장인점심', '#선릉점심', '#맛집', '#냄새꼬리꼬리']",2020-02-18,0,청국장서갈비
90,.맛있게 잘 먹었다#선릉 #청국장서갈비#청국장 #오징어볶음#먹스타그램 #한끼식사..#bigbro #dcz #dczlife #잠실클리어 aka #이개 #youtuber #유튜버 #클리어tv,"['#선릉', '#청국장서갈비', '#청국장', '#오징어볶음', '#먹스타그램', '#한끼식사..', '#bigbro', '#dcz', '#dczlife', '#잠실클리어', '#이개', '#youtuber', '#유튜버', '#클리어tv']",2020-02-13,0,
91,오늘의 저녁 청국장과 오징어볶음점심에는 줄이 길어 운좋으면 먹는 곳마감 직전 마지막손님으로 세이프#선릉맛집#청국장#오징어볶음#퇴근 #청국장서갈비 #강남맛집#저녁메뉴 #저녁식사#신혼부부#신혼밥상#대치동맛집#비빔밥#존맛탱#먹스타그램 #맛스타그램 #음식,"['#선릉맛집', '#청국장', '#오징어볶음', '#퇴근', '#청국장서갈비', '#강남맛집', '#저녁메뉴', '#저녁식사', '#신혼부부', '#신혼밥상', '#대치동맛집', '#비빔밥', '#존맛탱', '#먹스타그램', '#맛스타그램', '#음식']",2020-01-21,0,
92,오늘 점심은 선릉의 맛집. 청국장서갈비집에서 #제육볶음 #청국장서갈비 #맛집,"['#제육볶음', '#청국장서갈비', '#맛집']",2020-01-08,0,청국장서갈비
93,오늘 점심은 선릉의 맛집. 청국장서갈비집에서 #청국장 #청국장서갈비 #맛집,"['#청국장', '#청국장서갈비', '#맛집']",2020-01-08,0,청국장서갈비
94,最終日です😢・曇ってて寒い❄️・そんな日はぐつぐつ🥘・二度めのソウル ファイナルで紹介されていたお店です。・納豆汁は苦手で食べられないんだけどチョングッチャンは好き❤️ご飯にかけてまぜまぜ🥄うまー😍うまーうまー😋😋・洋服に匂いがついても気にしません、美味しいの勝ち〜❗️・テンジャンチゲも食べてみたい💕・お暇な時間帯だったせいか、アジュンマたちがテレビで盛り上がっておりました。・・#チョングッチャン#チョングッチャンソカルビ#청국장서갈비#宣陵駅#ソウル#おひとりさまソウル#センイル渡韓#韓国#韓国旅行#韓国料理#韓国料理大好き,"['#チョングッチャン', '#チョングッチャンソカルビ', '#청국장서갈비', '#宣陵駅', '#ソウル', '#おひとりさまソウル', '#センイル渡韓', '#韓国', '#韓国旅行', '#韓国料理', '#韓国料理大好き']",2019-12-11,0,
95,#청국장서갈비 #청국장맛집 #오징어볶음이랑먹어야함 #선릉역맛집추천 #선릉역에는청국장맛집이많음,"['#청국장서갈비', '#청국장맛집', '#오징어볶음이랑먹어야함', '#선릉역맛집추천', '#선릉역에는청국장맛집이많음']",2019-12-11,0,선릉역어딘가에
96,#청국장서갈비#수요미식회#맛집#대치동#강남구#청국장#오징어볶음#제육볶음#깔끔한청국장#쫄깃쫄깃#들기름#비빔밥#선릉역#한국인의장맛#평일오후#웨이팅#먹스타그램#맛스타램,"['#청국장서갈비', '#수요미식회', '#맛집', '#대치동', '#강남구', '#청국장', '#오징어볶음', '#제육볶음', '#깔끔한청국장', '#쫄깃쫄깃', '#들기름', '#비빔밥', '#선릉역', '#한국인의장맛', '#평일오후', '#웨이팅', '#먹스타그램', '#맛스타램']",2019-12-06,0,
97,서울여행 1일차선릉 직장인 코스프레점심식당 탐방기1.#청국장서갈비 #청국장 #오징어볶음우리들어가고 웨이팅줄이생김~~~~😶 오빠랑나에겐 감칠맛이 막 나진않아 좀아쉬웠지만건강식단이라 좋았다! 잘먹고나왔다..삐져서 뾰루퉁 있는 오빠억지웃음 브이~~😆..#청국장서갈비 #선릉역맛집 #선릉맛집 #선릉점심 #클럽케이서울 #서울여행 #클럽케이서울찜질방 #서울데이트 #제주살이,"['#청국장서갈비', '#청국장', '#오징어볶음우리들어가고', '#청국장서갈비', '#선릉역맛집', '#선릉맛집', '#선릉점심', '#클럽케이서울', '#서울여행', '#클럽케이서울찜질방', '#서울데이트', '#제주살이']",2019-11-30,0,청국장서갈비
98,#케간지화학 #선릉맛집#청국장서갈비#사진찍는거잊고먹다찍었다ㅠㅠ#안과검사하고배고파서#연여인싸인대따많은할머니들의손맛집#비비면끝장난다#수엄생합격홧팅,"['#케간지화학', '#선릉맛집', '#청국장서갈비', '#사진찍는거잊고먹다찍었다ㅠㅠ', '#안과검사하고배고파서', '#연여인싸인대따많은할머니들의손맛집', '#비비면끝장난다', '#수엄생합격홧팅']",2019-11-27,0,
99,백종원골목식당에서 청국장집 보고 계속계속 청국장과 비빔밥이 먹고싶었당..😂정릉까지 가기엔 귀찮고.. 먹고는 싶고..그래서 아쉬운대로 강남쪽에서 청국장 맛집을 찾았당!나 빼고는 전부 단골손님으로 가득 찬 분위기~ 정겨운 분위기~ 비빔밥에 청국장까지 전부 꿀맛😋👍😋👍 제육은 좀 달짝지근하지만 그 마저도 뭔가 정겨운 맛🤩...#청국장서갈비 #청국장맛집 #선릉역맛집 #선릉역청국장서갈비 #선릉역밥집 #선릉역청국장 #선릉역한식 #대치동맛집 #대치동청국장 #대치동밥집 #대치동한식 #강남청국장맛집 #서울청국장맛집 #청국장과비빔밥,"['#청국장서갈비', '#청국장맛집', '#선릉역맛집', '#선릉역청국장서갈비', '#선릉역밥집', '#선릉역청국장', '#선릉역한식', '#대치동맛집', '#대치동청국장', '#대치동밥집', '#대치동한식', '#강남청국장맛집', '#서울청국장맛집', '#청국장과비빔밥']",2019-11-24,0,청국장서갈비
