title,link,description,bloggername,bloggerlink,postdate
"군산여행 고추짜장 맛집지린성주차, 웨이팅, 맛 솔직후기",https://blog.naver.com/22cej?Redirect=Log&logNo=222336497649, 지린성고추짜장 주말에 다녀온 군산 1박 2일 여행! 군산 여행가서 무엇을 먹어야 잘 먹었다고 소문이 날까~~ 싶어서~~~ 군산 맛집 파워 검색해서 간지린성 !!! 군산은 유독 중국집들이 많은데 그 중에서도... ,파루티로그 :D,https://blog.naver.com/22cej,2021-05-03
군산맛집 -지린성솔직후기 ( feat. 백종원의 삼대천왕 ),https://blog.naver.com/ohime728?Redirect=Log&logNo=222265483370,#군산맛집 #군산 지린성# 지린성 고추짜장 이번 #군산여행 의 첫 끼는 군산여행 검색하다가 알게 된 곳 # 지린성약 3~4년 전 백종원의 삼대천왕에 나온 군산 맛집으로 아직까지도 살벌한 웨이팅을 자랑하는... ,Mrs 히메 - 카르페디엠,https://blog.naver.com/ohime728,2021-03-05
"[군산] 군산 자유여행, 군산 당일여행,지린성고추짜장... ",https://blog.naver.com/ckfud217?Redirect=Log&logNo=222535048211,군산 고추짜장 맛집은 바로지린성이라는 곳입니다. 저희가 차로 지나갈 때부터 줄이 꽤 길게 서... 입장하면서 주문을 받는데 자리에 앉으면 바로 가져다주세요지린성 이 회전율이 빠르다고 듣긴 했는데 정말... ,로나리'S 블로그,https://blog.naver.com/ckfud217,2021-10-12
군산짜장면맛집지린성매운짜장면 대기없이 먹고 옴!,https://blog.naver.com/backhyang?Redirect=Log&logNo=222504275265,"저희가 밥 먹으러 간 곳은 군산의 유명한 짜장면 맛집지린성 입니다. 4시에 영업 끝나는데, 저희가... 군산짜장면맛집지린성 은 들어가보니 영업종료 시간이 한시간도 안 남았음에도 불구하고, 빈 테이블이 거의... ",Always SPRING*,https://blog.naver.com/backhyang,2021-09-13
여름휴가 | 부여시골집 | 군산당일치기 |지린성 +이성당,https://blog.naver.com/buriburisj?Redirect=Log&logNo=222508748157,빠르게지린성 으로 출발해봅니다! 이성당 다음으로 도착한 곳은 고추짜장 고추짬뽕으로 유명한 # 지린성이예요 작년에 이어 두번째 방문인데 이번엔 웨이팅없이 바로 들어갈 수 있었어요 일반짜장 / 일반짬뽕... ,부리의 새로운 세상,https://blog.naver.com/buriburisj,2021-09-17
"군산 맛집지린성 , 맛집 인정!",https://blog.naver.com/song871?Redirect=Log&logNo=222530988253,"군산 맛집지린성부모님과 군산 여행 중 둘째날 아침은 숙소 근처에 있던 지리성으로 gogo!!! *지린성주차정보지린성건너편에 공영주차장이 있어요. 주차비는 없고, 주차공간은 생각보다 협소해서지린성 ... ",/정이월드,https://blog.naver.com/song871,2021-10-08
"군산지린성꼭 보고가세요(맛,주차,대기)",https://blog.naver.com/esperando90?Redirect=Log&logNo=222478031625,사실 먹거리 탐험단으로써 #군산 지린성을 빼고 군산을 다녀왔다고 말할 수 없었다. 백종원의 3대... 그래서 오늘은 #군산맛집 포스팅 시작으로 군산지린성 의 주차를 포함해 이모저모를 담아보겠다. 주문과... ,소소한공작소,https://blog.naver.com/esperando90,2021-08-20
"군산지린성 , 먹고 지릴뻔..(?) 대기없이 다녀왔어요!",https://blog.naver.com/sevenlove__?Redirect=Log&logNo=222421375335,"군산지린성 , 먹고 지릴뻔..(?) 대기없이 다녀왔어요! 안녕하세요, 공간투어리스트 주미니입니다. 지난... 군산여행 다녀오셨던 분들 중 상당수가 줄이 너무 길어서 가지 못했을 정도로 유명한 군산지린성 을!... ",주미니는 투어중이니 ෆ,https://blog.naver.com/sevenlove__,2021-07-05
[군산 맛집 추천지린성 ] 고추짜장면과 짬뽕 먹었어요,https://blog.naver.com/dhlove72?Redirect=Log&logNo=222491943600,오늘은 일전에 다녀왔던 군산에서 먹었던 맛집인지린성 을 올려보도록 하겠습니다. 솔직히 저는... 맛집지린성 으로 고고씽 했습니다. 군산 맛집 추천지린성 에 도착했을 때 점심시간이라 정말 사람이 너무 많이... ,투자사랑 이다현,https://blog.naver.com/dhlove72,2021-09-01
한길문고 / 또또생곱창 / 은파호수공원 /지린성/ 까페미원동,https://blog.naver.com/atonement421?Redirect=Log&logNo=222477906947,"막날에는지린성다녀온 게 다라서ㅎ.ㅎ 군산에서 제일 유명한듯한지린성 . 메뉴판! 고추짜장밥, 고추짜장 이렇게 하나씩 시켰다. 오픈 전인데 미리 받아주셔서 ㅋㅋ 사람이 없음. 평일이라 그런 거 같기도 하고... ",A fateful life,https://blog.naver.com/atonement421,2021-09-03
군산지린성매콤함이 넘치는 중국집,https://blog.naver.com/jsjung1999?Redirect=Log&logNo=221987070980,"아침 9시 오픈하는지린성 을 문열자마자 박차고 들어서려다 조금 늦잠을 자고 휴게소에서 잠시 쉬고... 길건너에서 본지린성 의 모습은 지리고요, 오집니다. 아 이런 난해한 초딩개그를 하다니~ 사실 몇군데... ",양배추님 잘먹고 잘살기,https://blog.naver.com/jsjung1999,2020-06-02
"군산 미원동맛집, 고추짜장이 유명한지린성 ",https://blog.naver.com/s_eeeul?Redirect=Log&logNo=222541356681,•군산 미원동지린성 • #군산여행 #여행지추천 #국내여행추천 #대전근교여행 #군산맛집 #군산가볼만한곳 #군산데이트 #군산중국집 #군산짜장면 #군산고추짜장 #군산고추짬뽕 #군산 지린성# 지린성# 지린성 주차... ,스리로그,https://blog.naver.com/s_eeeul,2021-10-19
[매거진군산] 2021년 5월호 : 고추짬뽕과 고추짜장의 ‘ 지린성 ... ,https://blog.naver.com/magazinegunsan?Redirect=Log&logNo=222464358683,음식 맛있기로 소문난 군산에서 중국 음식인 짬뽕 하나로 전국의 마니아를 끌어모으고 있는 ‘ 지린성 ’을 찾아가 보았다. 고추짜장면과 고추짬뽕으로 유명세지린성 은 고추짜장면과 고추짬뽕이 유명한... ,매거진군산 공식블로그,https://blog.naver.com/magazinegunsan,2021-08-10
군산 맛집지린성회전율이 빠른 식당은 이유가 있다,https://blog.naver.com/mato1117?Redirect=Log&logNo=222509394366,군산에서 유명하고 멀리서도 저처럼 찾아오는 맛집입니다 # 지린성063-467-2905 전라북도 군산시 미원로 87 매일 09:30~16:00 재료소진시 조기마감 영업시간이 정말 독특합니다 #군산 지린성은 중국음식점인데... ,마토의 유부일기,https://blog.naver.com/mato1117,2021-09-17
군산 백종원지린성고추짜장,https://blog.naver.com/chjh1007?Redirect=Log&logNo=222267222321,복성루로 시작해서 빈해원 수송반점지린성 등 많은 중화요리집이 전국민적으로 유명세를 타서 많은 관광객들에세 사랑을 받았고 지금도 사랑을 받고 있는지는 잘 모르겠지만 오랜만에지린성 을 방문합니다.... ,최종분석의 분석없는 맛집 탐방기,https://blog.naver.com/chjh1007,2021-03-07
군산지린성오랜만이구나,https://blog.naver.com/youknow0203?Redirect=Log&logNo=222151205024,"다시 한번 찾아가서 먹어야지 하며 한해를 두번 보냈었고 어제 군산지린성 에 가서 고추짜장,짬뽕을... 군산지린성 에 외관 모습이며 앞쪽에도 사람들이 대기를 하고 있음을 볼수 있었고 아내와 저도 빨리... ",전주맛집 써니윤,https://blog.naver.com/youknow0203,2020-11-22
군산 가볼만한곳② ::지린성 /경암동철길마을/선유도 대장봉,https://blog.naver.com/fpassion21?Redirect=Log&logNo=222371938126,군산 가볼만한곳②지린성고추짜장/경암동철길마을 /선유도 장자도 대장봉 군산 당일치기 여행코스... 고추짜장먹으러지린성고고씽! https://blog.naver.com/fpassion21/222359989176 군산지린성 이에요. 앞에... ,일상 속 강희다움,https://blog.naver.com/fpassion21,2021-05-28
"1박2일 군산여행 코스 :: 무녀도, 대박실비집,지린성 ... ",https://blog.naver.com/mhy2286?Redirect=Log&logNo=222196304878,"1박2일 군산여행 코스 무녀도, 대박실비집,지린성 , 카페리즈, 이성당 2021년 새해복 많이 받으세요 작년... 군산지린성군산 로스팅카페 리즈 무녀도 카페 무녀2구마을버스 군산에서 첫 방문한 곳은 무녀도에... ",무니로드 :),https://blog.naver.com/mhy2286,2021-01-04
((전북군산// 지린성 ))정말... 드디어 먹어보고 왔어요:D ✿ 지린성 ,https://blog.naver.com/shalara_mint?Redirect=Log&logNo=222429394802,백종원의 3대천왕에서 처음 알게 된 군산의 고추짜장 맛집으로 유명한지린성 ~! 정말정말 너무 먹구... 바로지린성하나 때문이었습니다아 전화 ***-***-**** 주소 전라북도 군산시 미원로 87 영업시간 매일 09:30~16:00... ,누동이는 누동누동해 :D,https://blog.naver.com/shalara_mint,2021-07-13
군산지린성고추짜장 주차부터 대기시간 팁,https://blog.naver.com/kns2ar?Redirect=Log&logNo=222308600294,군산 맛집 ::지린성고추짜장 군산에서 유명한 고추짜장 맛집인지린성요번에 군산으로 여행 다녀와서 다녀와봤는데요 넘 맛있게 먹고 와서 소개해드릴게요!지린성주차장은 일단 가게 바로 앞에... ,알로그,https://blog.naver.com/kns2ar,2021-04-13
군산 맛집 * 군산 고추짜장 핫플 *지린성 ,https://blog.naver.com/wlgml0857?Redirect=Log&logNo=222371876281,"먹은 #군산맛집 #군산고추짜장 # 지린성포스팅!_! ㅋㅋㅋㅋㅋㅋㅋㅋ 그냥 군산맛집 검색하면 뜨는... ㅋㅋㅋㅋㅋㅋㅋㅋㅋ저 인파 뭐지 뭐긴뭐야지린성인파 ㅇ.ㅇ 애들이랑 어쩌지,,?? 하다가 그냥 온김에... ",헤 그냥 심심해소..ღ,https://blog.naver.com/wlgml0857,2021-05-28
군산여행 중식집 지린성 방문 그리고 고추짜장 후기,https://blog.naver.com/jus1992?Redirect=Log&logNo=222426011364,간곳지린성고속터미널에서도 도보로 10분이면 도착하는 거리이기에 금방 도착했네요 주말이면... 일반으로 주문하세요 입구에 있는 자판기커피 맛있네요 ㅎㅎ 이상입니다~~ #군산여행 # 지린성#고추짜장,jus1992 님의 블로그,https://blog.naver.com/jus1992,2021-07-09
[군산]군산여행/방문기록/갈만한곳/군산맛집/ 지린성 /이성당... ,https://blog.naver.com/nhhyy?Redirect=Log&logNo=222525353836, 지린성고추짜장 짬뽕 맵찔이 분들은 먹지맙시다ㅋㅋㅋㅋ 불닭보다 좀더맵고 엽떡 오리지널... 여행블로그 #군산 #군산여행 #군산맛집 #군산 #군산선유도 #gunsan # 지린성#고추짜장 #이성당 #야채빵 #경동철길... ,먹는 데 진심인 편,https://blog.naver.com/nhhyy,2021-10-03
군산 :: 고추짜장 지리는지린성 (feat.철판아이스크림),https://blog.naver.com/whtndnjs9?Redirect=Log&logNo=222403233043, 지린성주소 :: 전북 군산시 미원로 87 영업시간 :: 9시30분 ~ 16시(재료소진시까지) 휴무 :: 화요일 맞은편에 공영주차장ㅇ 군산하면지린성 이람서요? 맛이 지린다(?)길래 군산오자마자 냅따 달려갔어요~ 저흰 평일... ,Eat Pray Love,https://blog.naver.com/whtndnjs9,2021-06-19
군산지린성그다지 맵진 않아,https://blog.naver.com/dudwp42?Redirect=Log&logNo=222182457408,코로나 2단계 전에 다녀 왔던 군산지린성 에 대해서 포스팅을 써 보려고 해요. 제가 예전부터 너무 가고... 군산지린성 은 많은 분들이 아실 정도로 유명한 곳이지 않을까 생각이 들어요. 이름 :지린성 . 시간 : am... ,169.항상 웃는 남자,https://blog.naver.com/dudwp42,2021-01-02
"군산여행-히로쓰가옥,지린성 , 이성당, 새만금방조제",https://blog.naver.com/eunjibaig?Redirect=Log&logNo=222414387900,# 지린성평소 대기가 길었었나보다. 코로나 때문인지 아니면 우리가 평일에 방문해서 인지 대기는... #군산여행#군산적산가옥#히로쓰가옥#삼대천왕짬뽕# 지린성 #고추짬뽕#이성당야채빵#새만금방조제#선유도... ,Hello there,https://blog.naver.com/eunjibaig,2021-06-29
군산 맛집 중국집지린성고추짜장.2021-0616,https://blog.naver.com/ezcooler?Redirect=Log&logNo=222402812341,"2021년 6월 16일 수요일 #군산 #맛집 #중국집 # 지린성#고추짜장 먹어본 후기 군산에서 나름 유명한 중국집이 있다. #복성루 #수송반점 # 지린성#쌍용반점 #빈해원 복성루, 빈해원은 외지인이 찾는 맛집이고 수송반점... ",무풍 :: 바퀴+사진=여행+세상,https://blog.naver.com/ezcooler,2021-06-19
군산지린성소문듣고 왔어요 + 주차 80명 웨이팅 시간,https://blog.naver.com/woodong2435?Redirect=Log&logNo=222537561562,엄마 모시고 바람쐬러 다녀왔는데 매번 고민만 하다가 못가본 군산지린성드디어 방문! 웨이팅 길다고...지린성주차 역시 인기를 가늠케 했는데요.지린성위치는 군산남 초등학교 옆에 있습니다! 가게... ,매칭이의 요기조기♪,https://blog.naver.com/woodong2435,2021-10-16
군산 고추짜장 :지린성 에서 고추짜장짬뽕 후기 :) *,https://blog.naver.com/purmi07?Redirect=Log&logNo=222289823044,"테디베어 뮤지엄에서 나온 후지린성 으로 이동했다. 군산 여행을 시작하기 전 고추짜장을 파는 식당을 몇 개 알아뒀었다. 그 중 우리가 고른 곳은지린성 이었는데... 사실 별다른 이유는 없고, 당일 여행지에서... ",memoria,https://blog.naver.com/purmi07,2021-03-28
"[군산]지린성/ 고추짜장, 고추짜장밥, 고추짬뽕 중국집",https://blog.naver.com/moaian?Redirect=Log&logNo=222201113134,"이성당 다음으로 손님이 많을 것 같은 중식당 군산지린성 입니다. 고추짜장으로 유명한 중국집인데요... 그래도 매운 걸로 유명한지린성 인데 고추 짜장은 못 먹더라도, 고추짬뽕은 먹어야겠다고 호기롭게... ",이스터섬,https://blog.naver.com/moaian,2021-01-08
군산 짜장 짬뽕맛집지린성그리고 주차안내,https://blog.naver.com/taiji3025?Redirect=Log&logNo=222345494716,유명한지린성 에 가봤습니다. 가게 규모도 복성루보다 크고 웨이팅을 따로 관리하시는 분이 있어서 인지 복성루 방문때보다는 지루함 없이 기다렸던거 같습니다.지린성주차장 주차장은 따로 없고 바로앞에... ,변두리 잡지책,https://blog.naver.com/taiji3025,2021-05-10
군산 맛집 또 생각나는지린성웨이팅내돈후기,https://blog.naver.com/supia2728?Redirect=Log&logNo=222446147047,"맛집지린성전북 군산시 미원로 87 매일 9:30~16:00 (재료 소진 시 조기마감) 대표 메뉴 : 고추짜장 9,000원 늦게 가면 먹기 힘들다는 군산 맛집지린성헛걸음 하기 싫어서 오픈어택 할까 생각했지만 위가 나약한... ","피부를디자인하는여자, 지니츄의 블로그",https://blog.naver.com/supia2728,2021-07-26
"군산 여행 5편. 경암동 철길마을,지린성고추짜장 고추짬뽕",https://blog.naver.com/hyehwa_alice?Redirect=Log&logNo=222535087167,"경암동 철길마을,지린성고추짜장 고추짬뽕 안녕하세요~ 혜화동엘린 윤재원입니다. 오늘은 빵솜이랑 군산 여행 5편을 포스팅합니다~ 경암동 철길마을과지린성 . 정말 유명한 군산의 명물들이죠! 1편에서... ",혜화동 앨자매ll혜화동 엘린,https://blog.naver.com/hyehwa_alice,2021-10-17
# 군산 여행 코스지린성고추짜장,https://blog.naver.com/minijunior?Redirect=Log&logNo=222480476342,꼭 한 번은 가보고 싶었던지린성 ! 너무 유명해서 그런지.. 줄이 너무 길어서 갈 수 있을까? 했는데 조금 부지런히 갔더니 웨이팅 없이 바로 성공!지린성군산에는 유명한 중국집이 많은데 특히 해산물이... ,낭만빵순희의 지구별여행,https://blog.naver.com/minijunior,2021-08-22
군산여행 미원동 맛집 -지린성고추짜장 + 짜장면 조합 맵지만... ,https://blog.naver.com/jsd05?Redirect=Log&logNo=222456338401,"카페 라파르 가기전에 밥으로 먹었던지린성 입니다. 중,고등학교를 군산에서 보냈건만... 학교- 집만 해서 ㅋㅋ 군산을 잘 몰라요 몇년전에 복성루는 가봤었고,지린성 은 못가봐서 이번에 가봤습니다.지린성 은... ",마케바이저 블로그,https://blog.naver.com/jsd05,2021-08-04
[군산 맛집] 웨이팅 필수 맛집인 순돌이곱창/지린성 ,https://blog.naver.com/baeyeona?Redirect=Log&logNo=222541810817,그리고 그 담날은 아침부터지린성 을 먹으러 갔다! #군산 하면 # 지린성이자나요?? 웨이팅이 쩐다고 하여 아침에 고고!지린성전용 주차장도 길건너에 이따 ㅋㅋㅋ 다행히 웨이팅을 하긴했지만 회전율이 굉장히... ,Kathy's story,https://blog.naver.com/baeyeona,2021-10-19
"당일치기 군산여행( 지린성 ), 선유도(고래포차), 장자도(대장봉)... ",https://blog.naver.com/lemoniaa91?Redirect=Log&logNo=222496847741,"코스 :지린성친구들이 말하길 군산에 있는 유명한 중식당은 오전어택 하는게 나아., 매우니까 쿨피스나 우유 사가 친구들 말 잘 듣고 우유 구입해서 9시 58분에지린성 에 도착했다. 맘 편히 먹으려고 8시쯤... ",리아의 6시 다이어리,https://blog.naver.com/lemoniaa91,2021-09-06
"군산 고추짜장 맛집지린성후기 / 주차 만석, 30분 웨이팅!",https://blog.naver.com/aaa9a?Redirect=Log&logNo=222485674908,"군산 고추짜장 맛집지린성후기 / 주차 만석, 30분 웨이팅! 내일 제주도 여행을 떠나기 전, 지난 군산... 군산의 숱한 고추짜장 맛집 중에서도 가장 유명 궤도를 달리는 '군산 고추짜장 맛집지린성 '지린성주차... ",MA.INT,https://blog.naver.com/aaa9a,2021-08-27
[군산 맛집]지린성 ... 고추짜장 맛집 인증~!,https://blog.naver.com/jsea2000?Redirect=Log&logNo=222260279086,"중국집지린성건너편 공영주차장을 이용하라두만 이 정도 인파니 당연히 만차... 주변 골목길에도...지린성대표메뉴인 고추짜장, 고추짬뽕 호불호가 있다길래... 안전빵으로 일반짜장도 하나 매운맛 돌바구가... ",Castorpollux!!!,https://blog.naver.com/jsea2000,2021-03-01
군산 맛집은 역시지린성 ,https://blog.naver.com/dbtmd7942?Redirect=Log&logNo=222371415480,점심에 뭐 먹을까 하다가 급지린성매운짜장이 생각났어요 ㅋㅋ 그래서 40분정도? 차를 달려서 군산지린성 으로 갔습니다지린성건너편쪽에 공영주차장이 있는데요지린성손님들로 거의 만차이긴한데... ,박아리따움s,https://blog.naver.com/dbtmd7942,2021-05-29
군산 고추짜장지린성- 맵찔이의 후기,https://blog.naver.com/storyshower?Redirect=Log&logNo=222360457996,“ 지린성고추짜장 먹으러 군산까지갔어” 라며 사진을 보내준 친구에게 영업당해서 가게된 군산여행... 먼지린성 도 찍어보고 ㅋㅋㅋㅋㅋ 오오 이제 거의 다왔다!! 이곳은 쌉싸름하게 매콤한 고추짜장이... ,Sun's story,https://blog.naver.com/storyshower,2021-05-21
" 군산지린성영업시간, 주차,메뉴추천, 가격 + 얼마나... ",https://blog.naver.com/sinhyhj?Redirect=Log&logNo=222180615302," 군산지린성영업시간, 주차, 메뉴추천, 가격 주소 - 전북 군산시 미원로 87 영업시간 - 매일 09:30 - 16... 군산지린성군산에서 서울로 상경한 친구가 꼭 가보라고 추천해준 곳이에요 !! 웨이팅이 워낙 길고... ",신자매 블로그,https://blog.naver.com/sinhyhj,2020-12-21
군산여행:: 지린성 ,https://blog.naver.com/llleyj?Redirect=Log&logNo=222104625755,나도 관광객 모드로 맛집을 찾아다녔다 여행 2일 째 아침은지린성평일에도 주말에도 줄서서 먹는 집인걸 알아서 오픈 시간 전에 미리 가기로! *오픈 시간 : 오전 9시 30분지린성대각선 맞은편에 공영주차장이... ,말이야 염방구야!,https://blog.naver.com/llleyj,2020-10-01
"[전북 군산] 불맛 가득한 군산 맛집, 순돌이곱창 그리고지린성 ",https://blog.naver.com/dbuiir1231?Redirect=Log&logNo=222506922232,"짬뽕맛집,지린성오전 11시 좀 넘어 도착했는데도 사람들 바글바글.. 12~13시 피크타임은 무조건 웨이팅...지린성나오자마자 보이는 편의점에서 아이스크림으로 속 달래기 이거 먹어도 속이 계속 아파서... ",예제마 블로그,https://blog.naver.com/dbuiir1231,2021-09-15
"군산지린성 : 매운짜장, 짬뽕",https://blog.naver.com/skandi5?Redirect=Log&logNo=222301826005,있는 # 지린성으로 옮겼습니다. #군산맛집 #군산짬뽕 # 지린성 주차지린성주차는 옆에 공영주차장에 하면 되어요. ( 지린성 에서 바로 좌회전하면 있음) # 지린성 웨이팅지린성 은 딱보면 #웨이팅 적어보이는데... ,양띠사람,https://blog.naver.com/skandi5,2021-04-07
"군산 맛집 추천, 군산 여행, 고추짜장 멋집지린성 . 군산지린성 ",https://blog.naver.com/dkdkdk4321?Redirect=Log&logNo=222347806449,군산의 맛집으로 알려져있는 군산지린성 에 방문했다. 고추짜장과 고추짬뽕으로 유명하다고 한다.... 줄을 서서 기다리는 동안지린성근처에 위치한 아이스크림 가게에서 영업을 하신다. 할인쿠폰을 나눠주시며... ,빠방이,https://blog.naver.com/dkdkdk4321,2021-05-12
군산맛집 -지린성 ,https://blog.naver.com/shelove0?Redirect=Log&logNo=222315671114,핫한 # 지린성13시 넘어서 도착했는데 운 좋게 자리 1테이블이 남아있어서 거의 바로 착석했습니다 기본... 볼거리도 꽤 있고 재미져요 _ #경암동철길마을 #군산여행 #뽑기 #달고나 #고추짜장 #고추짬뽕 # 지린성 ... ,さようなら、いつか＿,https://blog.naver.com/shelove0,2021-04-19
"# 군산 가볼만한 곳 여행코스 추천 :지린성 , 옥녀교차로, 이성당... ",https://blog.naver.com/minijunior?Redirect=Log&logNo=222493056079,군산맛집지린성군산은 유명한 중국집이 많은데.. 그 중 가장 유명한 곳이지린성 이 아닐까 생각함! 암튼지린성꼭 한 번 가고싶었는데 이번에 다녀와서 넘 좋았음 ^_^ 넘 맛있으니까 군산갈때마다 종종... ,낭만빵순희의 지구별여행,https://blog.naver.com/minijunior,2021-09-02
군산투어지린성신민회 팔도실비집,https://blog.naver.com/matuki?Redirect=Log&logNo=222526576112,"군산의 대표 맛집 중 하나로 꼽히는지린성 입니다. 예전에 한번 가보고 실망했던 기억이 있는데, (짜장면이었어요)지린성리뷰가 하도 많아서 다시 도전해보기로 했어요. 이른시간에 가서 20분 정도 대기하고... ",슬로보트,https://blog.naver.com/matuki,2021-10-04
군산지린성고추짜장 존맛탱 이거 먹으러 군산 다녀왔지요,https://blog.naver.com/7744thdus?Redirect=Log&logNo=222367894853,정확히 말하면 군산지린성고추짜장 먹는 게 나의 버킷리스트 중 하나였다. 인스타에서 본 고추짜장... 드디어 군산지린성 에 왔다 !! 바로 앞에 공영주차장은 무료인데 월요일 오전일찍갔음에도 (11시) 자리가... ,맛집 여행 다니는 소야 _ FOOD TRAVELER,https://blog.naver.com/7744thdus,2021-05-26
뚜벅이 전북 여행 추천 코스 - 군산 당일치기 ( 지린성 ... ,https://blog.naver.com/jbgokr?Redirect=Log&logNo=222488775527," 지린성 , 초원사진관, 이성당, 경암동철길마을 * 방역수칙을 준수하며 취재를 진행하였습니다*지린성- 전북 군산시미원로 87화요일 휴무-매일 09:30 – 16:00 재료 소진 시 조기 마감 역시 여행의 첫 시작은... ",전라북도 공식 블로그,https://blog.naver.com/jbgokr,2021-08-30
"전북 군산 고추짜장 전문점,지린성 ",https://blog.naver.com/toy3987?Redirect=Log&logNo=222484205483,#전북 #군산 도착하자마자 # 지린성으로 갔습니다. sns나 TV에서 굉장히 유명한 곳이더라구요! #고추짜장 전문점 입니다. 주차는 바로 앞에 있는 #군산남초등학교 옆에 공영주차장이 있어요. 근데 차를 많이는 댈... ,쀼의 인생 2막,https://blog.naver.com/toy3987,2021-08-26
군산맛집지린성고추짜장면!,https://blog.naver.com/ihaveej?Redirect=Log&logNo=222349316654,#군산여행 갔다가지린성 의 고추짜장이 그렇게 끝내준다고!!! 찾아찾아 갔습니다 바로앞에... 가세욬ㅋㅋ지린성메뉴판!!! 고추짜장과 그냥짬뽕!! 고추짜장이 많이맵다고들어서 짬뽕까지매우면 쉴 타임이... ,코코로코의 일상생활,https://blog.naver.com/ihaveej,2021-05-22
중국지린성 (吉林省)의 작은 경상도마을 '아라디촌(村)'...... ,https://blog.daum.net/chunhao/14326402,"중국지린성 (吉林省)의 작은 경상도마을 '아라디촌(村)'... ('11.8.15) 댓글 2 中原의 바람소리.../中國 有情無限 2020. 8. 10. 길림성의 작은 경상도 마을 , 재중동포 , 조선족 , 지린시 아라디촌 중국지린성 ... ",萬年雪/永劫의 約束...,https://blog.daum.net/chunhao,2020-08-10
군산지린성고추짜장 먹어본 솔직후기,https://blog.naver.com/ssms4068?Redirect=Log&logNo=222287351153,"#군산 # 지린성#고추짜장 그렇게 맛있다고~ #군산맛집 유명해서 다녀왔다. 듣던 대로 사람이 정말 많았다. 주차는 바로 앞, 공용주차장이 있어서 수월하게 주차할 수 있었다. 줄은 건너편에도 쭉.. #군산 지린성 ... ",노멀한데일리,https://blog.naver.com/ssms4068,2021-03-25
군산 맛집 :지린성고추짜장 이거 먹으러 당일치기 군산행,https://blog.naver.com/haminhoo?Redirect=Log&logNo=222340796621,야근에 시달리는 남편이 회사를 안가는 기쁘디 기쁜 빨간날이다 기쁘기 때문에 우리 쀼는 새벽같이 일어나 군산으로 향함..^*^ 왜냐면지린성 에 가기로 정한 날이기 때문이쥬 꺅지린성오픈 시간이... ,NASCHKATZE ='ㅅ'=,https://blog.naver.com/haminhoo,2021-05-07
[군산 맛집] 매운맛집 찾는다면 청양고추 넣은 고추 짜장 ' 지린성 ',https://blog.naver.com/x1330x?Redirect=Log&logNo=222440626510,있는지린성 도 참 좋아합니다. 사실 자주는 안 가봤지만 ㅋㅋㅋㅋㅋ 매운맛집 찾는 친구들한테 강추하는 군산 맛집 [군산 맛집] 매운맛집 찾는다면 청양고추 넣은 고추 짜장 ' 지린성 ' 영업시간 : 매일 09:30 - 16:00... ,조꽁의 취미집대성,https://blog.naver.com/x1330x,2021-07-22
군산 맛집지린성: 고추짜장 먹으려 두시간을 달려왔다,https://blog.naver.com/seong3961?Redirect=Log&logNo=222221078950,"군산 맛집지린성주소 : 전북 군산시 미원로 87 영업시간 : 9시 30 ~ 16시 (화요일 휴무 / 재료 소진 시 조기 마감) 전화 : 063-467-2905 가격 고추짜장 9,000원 고추짬뽕 9,000원 (맵기 조절 X) 주차장 :지린성건너편... ",빵규가 사는 세상,https://blog.naver.com/seong3961,2021-01-26
[군산 맛집] 중국집지린성 ,https://blog.naver.com/chonfamily?Redirect=Log&logNo=222064158329,[군산 맛집] 중국집지린성당일 치기로 여행 갔던 군산 정말 좋았던 기억만 있었던 군산 다음엔 꼭 1박... 마자지린성출동 백종원 3대 천왕에 나와서 더 핫한 이곳 대중교통 이용해서 갔던 군산이라 택시... ,Let`s Go!!! JINJIN,https://blog.naver.com/chonfamily,2020-08-18
군산 -지린성/ 고추짜장 먹어본 후기!,https://blog.naver.com/aaaa0408?Redirect=Log&logNo=222371684361,군산 하면 sns에서 엄청 핫한지린성고추짜장 이잖아요!!!!!!! 원래 저랑 친구는 빈해원을 갈까지린성 을 갈까 고민하다가 고추짜장이 많이 맵다는 이야기를 듣고는 저는 매운걸 잘 못먹으니 그럼 빈해원을... ,"하늘연달, 나흘",https://blog.naver.com/aaaa0408,2021-06-02
"[군산 고추짜장 맛집] 자꾸 생각나는 맛,지린성 ",https://blog.naver.com/saeng1986?Redirect=Log&logNo=222539894285,"도착한지린성 ! 바로 앞에 엄마랑 동생 먼저 내려주고 바로 옆에 있는 공영 주차장에 주차를 했다. 11시...지린성진짜 패스트푸드점보다 빠른 듯!! 아,지린성 은 9:30~16:00까지 영업을 하는데 재료 소진 시에 조기... ",꽂히면 한다! 셔니의 우당탕탕 취미 백과,https://blog.naver.com/saeng1986,2021-10-17
[군산 맛집]지린성- 2020.08.16(feat.백종원의 3대천왕),https://blog.naver.com/galyon?Redirect=Log&logNo=222130150707,군산지린성외관 사실 무얼 먹어도 상관없긴 했지만 여기까지 왔으니 조금 기다려서라도 유명한걸 먹어보자는 말에 웨이팅도 불사하고지린성 으로 향했어요. 뜨거운 8월 중순의 햇살 아래에 그날의 동지들이... ,주뱅일상 기록지.,https://blog.naver.com/galyon,2020-10-29
군산 맛집 -지린성고추짜장 (백종원 삼대천왕 맛집),https://blog.naver.com/jayp36?Redirect=Log&logNo=222260191107, 지린성토요일 오후1시쯤 도착 길건너편 부터 줄서있습니다 ^^; 줄서있으니 어떤 아주머니가 이런걸 주고 가시던데 검색해보니지린성 에서 짜장먹고 여기서 아이스크림 먹고 그런거래요 ㅋ 서로 계약된 집인가... ,TIME2REST,https://blog.naver.com/jayp36,2021-03-01
군산이성당지린성다녀왔어요,https://blog.naver.com/ktbill?Redirect=Log&logNo=222537831309,출장갔다가지린성 에서 점심 식사하고 올라오면서 이성당 들렀어요 금요일 1시경 점심즈음이지만 주말이 아니라서 웨이팅은 없었습니다. 그래도 매장은 거의 차있었고 듣던대로 음식나오는 시간은 라면보다... ,유쾌한먹방이야기,https://blog.naver.com/ktbill,2021-10-15
군산 고추짜장 유명한지린성맛집 들려보기,https://blog.naver.com/binred?Redirect=Log&logNo=222176833267,군산 고추짜장 유명한지린성맛집 들려보기 매운거를 못 먹는 이팀장 입니다 그래도 선유도 가기전 군산에서는 맛집으로 꼭 들려보라는 지인 소개로 방문을 하게 됩니다 다행히 쉬는 날이 아니더라구요 입구... ,신축빌라상담 이장희팀장과!,https://blog.naver.com/binred,2020-12-17
군산지린성고추짜장면과 짬뽕 선유도 옥돌슈퍼 바닷가에서... ,https://blog.naver.com/plotina1?Redirect=Log&logNo=222420568115,이게 발단이 되어서 찾아보니지린성 은 고추짬뽕이 아니라 고추짜장 맛집이라고 하더라고요?... 맛집으로 기대했던지린성 이 조금 저와 맞지않아 실망이었지만 바닷가에서 쉬면서 힐링하는 즐거운... ,P L O T I N A,https://blog.naver.com/plotina1,2021-07-05
군산지린성근처 아이스크림 맛집 와니디저트카페!,https://blog.naver.com/yoondh613?Redirect=Log&logNo=222081345609,군산지린성 은.. 어마어마하게 매웠다. 맛은있었지만 속은 타들어 가는 기분이였지. 현둥이와 나는... 그래서지린성근처 아이스크림집에 그냥 들어갔다.지린성 에서 30미터 정도 가면 있는 와니디저트카페!... ,씨씨커플,https://blog.naver.com/yoondh613,2020-09-05
"채석강,바다길포차,변산해수욕장-선호네횟집,군산지린성 ",https://blog.naver.com/golapad?Redirect=Log&logNo=222311382094,# 지린성#고추짜장 #짬뽕 귀동냥으로 고추짬뽕이랑 고추짜장이 엄청 맵다고? 둘 다 매울까 우린... 나에겐 크게 맵진 않았지만 맛있었어 다음엔 고추짬뽕에 고추짜장 시켜야겠다 소주가 없어서 아쉬웠던지린성ㅠ,콤마 32,https://blog.naver.com/golapad,2021-04-15
군산맛집지린성복성루 실패(평일 월요일 점심1시) feat.주차,https://blog.naver.com/naraehyori?Redirect=Log&logNo=222450095149,그럼에도 불구하고지린성 은.. 기다릴만해요.. 어디가서 못먹는 맛이기에 저도 군산하면지린성 이 가장 먼저 떠오르더라고요. 그리고지린성 에서 가까운 곳에 짬뽕맛집으로 가장 유명한 복성루도 위치하고... ,달달한 별님이의 블로그,https://blog.naver.com/naraehyori,2021-07-29
[군산여행] 당일치기지린성/ 초원사진관 / 신흥동일본식가옥... ,https://blog.naver.com/isthisheaven?Redirect=Log&logNo=222116486408,"주말에가볼만한곳 # 지린성#동국사 남편이 강제 연차 쓴 날, 평일에 군산당일치기여행 다녀왔어요~ 지리게 맵다는지린성짬뽕 먹으러 고고~ 군산에서 신호를 기다리는데 앞에 있던 오토바이 번호판에... ",조안나 행복한 블로그,https://blog.naver.com/isthisheaven,2020-10-29
[군산] 백종원의 3대천왕에 나왔던 ‘ 지린성 ’ 내돈내산 후기,https://blog.naver.com/songhee3?Redirect=Log&logNo=222053185126,군산에 왔으면지린성 을 가봐야한다는 남친 아는 형의 말에 숙소 근처에 있길래 한 번 들러봤다지린성전북 군산시 미원로 87 매일 09:30 - 16:00 재료소진시 조기마감! 화요일 휴무지린성줄이 엄청 길었다... ,내 맘대로 하는 블로그 :D,https://blog.naver.com/songhee3,2020-08-06
군산 중국집 고추짜장 맛집 :지린성 ,https://blog.naver.com/suda930804?Redirect=Log&logNo=222503966879,군산에 가게 되면서 주위에서지린성 을 꼭 가봐야한다고 하더라고요!? 고추짜장이 맛있다고요!! 그래서 아침부터 오픈하자마자 바로지린성 으로 갔답니다. [ 제가 방문한 날은 목요일이였습니다. 주말에 가면... ,썬이의 하루,https://blog.naver.com/suda930804,2021-09-13
"군산 여행시 점심은 고추짜장,짬뽕이 맛있는지린성추천",https://blog.naver.com/kem870706?Redirect=Log&logNo=222144848429,이번에 군산까지 왔으니 유명맛집지린성 에서 고추짜장을 맛보기로~ 주문마감이 4시까지라 서둘러 매장으로 향했다 가게 주변에 주차를 하고~ 꽤 넓은 매장 안 테이블이 꽤 많던지린성메뉴 일반 짜장면과 짬뽕... ,둘째음미,https://blog.naver.com/kem870706,2020-11-15
"호불호 갈리는지린성고추 짜장,맵찔이가 정복한 고추 짜장",https://blog.naver.com/cupid79m?Redirect=Log&logNo=222517239940,대장봉 등반에 지쳐서 입맛도 잃었는데 남편이 여기 때문에 군산을 온거라며 기어히 끌고 간지린성진짜 오늘 코스 지린다 공영 주차장에서 바라본지린성매장 바로 앞 횡단 보도를 건너면 오른편에 있는... ,날아라 스완댁,https://blog.naver.com/cupid79m,2021-09-26
군산 당일치기 /지린성/ 째보식당 / 경암동철길마을 / 커피면회소,https://blog.naver.com/phin9199?Redirect=Log&logNo=222534528819,#군산당일치기 # 지린성#째보식당 #경암동철길마을지린성인천 - 군산 시외버스 터미널에 도착해서 바로지린성 으로 고고.. 어언 2년만에 다시온 군산!!! 한글날 연휴 시작이라 그런지 사람이 엄청 많더라구요... ,혜니log,https://blog.naver.com/phin9199,2021-10-12
군산지린성고추짜장 설욕의 재도전 후기,https://blog.naver.com/ccma04?Redirect=Log&logNo=222236542737,"군산지린성고추짜장 설욕의 후기 내돈내산 2021. 01 .23 얼마 전 복성루에 이어지린성고추짜장에 도전했다 얕본 나머지 너무 매워서 반도 못먹고 GG쳐서 자존심 상했는데, 설욕을 하고자 다시 찾아 왔음.... ",Miller - 자동차 / 맛집후기 / 여행 / 내돈내산,https://blog.naver.com/ccma04,2021-02-08
군산지린성고추짬뽕 짜장 눈물콧물 쏘옥 끌리는 매운맛,https://blog.naver.com/imafreee?Redirect=Log&logNo=221739871624,군산지린성고추짬뽕 짜장 눈물콧물 쏘옥 끌리는 매운맛 지난주 1박2일 군산으로 위크샵을 다녀왔다.... 휴게소에서 간단히 군것질을 했지만 출출함은 여전히~~ 중식으로 선택한 점심메뉴 군산지린성고추짬뽕... ,현재에 집중하라!,https://blog.naver.com/imafreee,2019-12-17
"군산 당일치기 코스 (춘장대해수욕장,이성당, 지린성 ,카페틈)",https://blog.naver.com/brkklover?Redirect=Log&logNo=222499508906,점심으로 해물칼국수를 먹으려다가 마땅한 곳이 없어서 군산에는 중국요리집이 많아지린성 이라는... 커피는 맛있진 않았던 것 같다 군산 당일치기 코스로도 가볼만한 춘장대해수욕장 이성당지린성카페틈... ,스윗캔들,https://blog.naver.com/brkklover,2021-09-08
1박 2일 군산여행 │지린성- 진짜진짜 매웠던 고추짜장,https://blog.naver.com/moonjin_2?Redirect=Log&logNo=222241990722, 지린성후기를 남겨보아요 저 나름 불닭볶음면도 잘 먹는데 진짜진짜 매웠어요영업시간: 오전 9시 30분... 해줬던지린성많이 매웠지만 시간이 지나고 이렇게 쓰다보니 또 생각나네용 다음에 또 가면 또 먹고... ,Luna Log,https://blog.naver.com/moonjin_2,2021-02-13
군산지린성 (백종원의 3대천왕) 고추짜장,https://blog.naver.com/kirihokk?Redirect=Log&logNo=222300730238,길에지린성 으로 간판 오래된 느낌의 내공이 느껴지는 간판은 아니지만 점심 시간이 조금 지난 2시 이후... 너무 궁금한 집인데 먹을 수 있는 날이 나에게 올까..? ^______^ #군산 # 지린성#고추짜장 #백종원 #3대천왕,MINNINE LIFE,https://blog.naver.com/kirihokk,2021-04-06
군산지린성고추짜장 맛집! 주차는 바로앞에!,https://blog.naver.com/enfkalzn?Redirect=Log&logNo=222229588480,군산에 잠시 다녀왔어요 학생때부터 그동안 가봐야지가봐야지했다가 듣기만했지 못가봤던 군산맛집지린성다녀왔습니다♂️ 주차장은 바로 대각선에 한 20대정도 주차 가능한 주차장이 있어요.지린성 검색해... ,평화로움의 우쿨렐레 이야기,https://blog.naver.com/enfkalzn,2021-02-02
[군산] 고추짜장이 유명한 맛집지린성 ,https://blog.naver.com/amdm01?Redirect=Log&logNo=222538386266,안녕하세요 딸랑이 입니댜 군산은지린성먹으러 간다는 말이 있을정도로 유명하다고 해서 저도 다녀왔습미둥지린성영업시간 : 오전 9시30분 ~ 오후 4시 휴무 : 매주 화요일 저는 부산에서 출발해서 12시 30분쯤... ,ღ 소소한 일상 ღ,https://blog.naver.com/amdm01,2021-10-16
新 전자상거래로 지역발전 이끄는 中지린성 ,https://blog.naver.com/c-link?Redirect=Log&logNo=222535909606,한 청년 창업가(사진 오른쪽)가 지난해 5월지린성쓰핑(四平)시에 위치한 한 스튜디오에서 라이브커머스와 관련된 내용을 상의하고 있는 모습. [출처 신화통신] 리웨이(李偉)지린성부성장은 '제1회 중국 신... ,씨앤뉴스,https://blog.naver.com/c-link,2021-10-13
군산지린성고추짜장 내돈내산 후기!,https://blog.naver.com/yoondh613?Redirect=Log&logNo=222080155268,"군산지린성백종원의 3대천왕에서 고추짜장 맛집으로 방송된적이 있었고, 그전부터 매운짬뽕과 매운짜장으로 유명한 곳이였다. 한 7년전쯤? 친구랑 둘이 군산에 놀러가서 매운짬뽕을 먹겠다고지린성 에... ",씨씨커플,https://blog.naver.com/yoondh613,2020-09-04
"[국내][군산][2박3일] 군산 진갈비,지린성 , 이성당",https://blog.naver.com/skql54?Redirect=Log&logNo=222538865676,"다음 날 점심에 온 군산지린성점심시간인데도 평일이라 그런지 웨이팅이 없었다 불닭볶음면보다 매움.. 매운 건 둘째치고 내 입맛엔 별로,, 군산 이성당 본점 본점과 분점이 같이 붙어있는데 단팥빵과... ",영이의 영행블로그,https://blog.naver.com/skql54,2021-10-16
군산 이성당 빵집 야채빵지린성고추짬뽕,https://blog.naver.com/with4617?Redirect=Log&logNo=222150517106,"3대천왕 출연한 맛집지린성 에서 고추짬뽕 먹고, 줄서는 유명빵집지린성 에서 빵과 커피 한잔 하고... 아마도 코로나 때문에 줄서는 시간은 줄었을거라 생각하지만... 유명한 곳 빼고는 사람이 너무 없어서... ",자신에 대한 믿음,https://blog.naver.com/with4617,2020-11-21
군산여행_ 짬뽕 먹고 지린다. 매운 짬뽕지린성 ,https://blog.naver.com/pinkish?Redirect=Log&logNo=222249055024,"혹시 아는 분 계시면 댓글 ㅎㅎㅎㅎ 각설하고 군산에서 매운 짬뽕으로 유명한지린성 을 찾았다. (코로나19 터지기 한 참전에 방문했어요) 도착하자마자, 기다란 줄에 한 숨이 절로 나왔다. 동네 중국집이지만... ","Bonnie, 그리고 휘바홈",https://blog.naver.com/pinkish,2021-02-19
"군산여행 | 일단지린성 에서 고추짜장에 한번 지리고, 차는 두고... ",https://blog.naver.com/seungwook74?Redirect=Log&logNo=222519369307,"오늘의 한끼는지린성고추짜장 맛보다는 기다리는 줄에 지리고, 홀 내부에 피난민 처럼 다닥다닥 붙어서 먹는 모습에 한번 더 지리는 곳. 사진여행가 이승욱 찰나의 기억을... ",찰나의 기억을 남기다.,https://blog.naver.com/seungwook74,2021-09-28
"군산 여행_ 지린성 , 째보식당, 명궁칼국수",https://blog.naver.com/sulla77?Redirect=Log&logNo=222254135694,몇 년 전에 먹고 간지린성 의 고추짬뽕 맛을 잊지 못해 이번에도 가보았다. 딱 점심 시간 쯤 도착 했더니...지린성 에서 먹고 나면 옆 가게에서 파는 임실치즈 아이스크림 할인권을 준다. 나는 블루베리 맛을... ,명탐정의 영화와 하루,https://blog.naver.com/sulla77,2021-02-23
군산지린성고추 짜장,https://blog.naver.com/dacima02?Redirect=Log&logNo=222202086170,낮 12시 20분인데 군산지린성 은 줄을 서있네... 20분 정도 나도 줄을 섰다가 입장. 당연히 만석이겠지.... 볶음밥도 없고 여기 군산지린성 은 는 그냥 짜짱 짬뽕이다. 군산지린성고추짜장 고추짬뽕 아까 뽀빠이... ,여행과 맛집. 민쿡의 얌얌톡톡,https://blog.naver.com/dacima02,2021-01-09
"군산 맛집지린성 , 이성당",https://blog.naver.com/2bdabest?Redirect=Log&logNo=222539630021,군산 맛집을 검색해보니지린성 이란 중국집이 있어서 먹어보고 후기 남깁니다. 주말 점심시간이어서 그런지 사람들이 엄청많았어요.지린성문앞부터 줄을 섰는데 길건너편에도 줄서있는게 보이시나요?... ,모두 행복할 권리,https://blog.naver.com/2bdabest,2021-10-17
"군산지린성 !! 군산 고추짜장면,짬뽐밥! 고추 짜장면은... ",https://blog.naver.com/saddew86?Redirect=Log&logNo=222299681628,"군산지린성 !! 고추짜장면,짬뽕!! 고추짜장면에 반하다!! 전라북도 군산시 미원동 78 군산지린성063-467-2905 주차: 가능 군산 짜장면은 유명하죠!!지린성 에는 특별한 짜장면이 있어요. 그건 바로 고추짜장면!!... ","행복한 女 일상,여행 스케치",https://blog.naver.com/saddew86,2021-04-05
군산 먹으러왔다 # 지린성#덜맵게먹는법,https://blog.naver.com/gudth331?Redirect=Log&logNo=222101128221,군산지린성2회차 고추짜장 먹으러 군산 옵니다 웨이팅이 싫다면 오픈 시간 맞춰서 가기 전북 군산까지지린성고추짜장 먹으러 가는 사람이 있다? (접니다 ♀️) 고추짜장에 환장합니다.. 진짜 너무 맛있어요... ,"속지말자,무보정영상 블로그",https://blog.naver.com/gudth331,2020-09-27
 지린성- 그냥 쓰레기음식,https://blog.naver.com/younghj?Redirect=Log&logNo=222510176140,군산지린성중국집. 매운 맛으로 젊은이들에게 인기가 많은듯하다. 군산에 들어와서 차에 기름을 넣고...지린성건물이 가건물이다 주차장은 길 건너편 공영주차장을 이용하던가 아니면 골목길에 주차를... ,"좀머씨 이야기 - 본대로, 느낀대로, 그대로 쓴다.",https://blog.naver.com/younghj,2021-09-18
[군산]지린성 ,https://blog.naver.com/bisque1927?Redirect=Log&logNo=222031162796,지난번 담양여행이 끝나고 올라오는 길에 들른 군산지린성 . 원래는 전주에 갈까 했는데 이정표를 보고 군산갈까? 해서 군산으로 샜다. 군산에 유명한지린성 에 가서 점심을 먹고 이성당에 들러서 빵을 산 뒤에... ,효블로그,https://blog.naver.com/bisque1927,2020-07-15
"극강의 매운맛, 지린성 ",https://blog.naver.com/lihiten0124?Redirect=Log&logNo=222051355938,2015년인가 2016년인가 백종원의 3대 천왕을 보신 분이라면 기억할 만한 중국집지린성 을 소개해드립니다지린성 은 중국어로 길림성(吉林省)을 말하는 것 같은데 지금 드는 생각이 매운 맛이 지려서지린성 인가... ,반짝반짝 청춘,https://blog.naver.com/lihiten0124,2020-08-04
군산지린성고추짜장 핫한매움 굿,https://blog.naver.com/tyvtyv?Redirect=Log&logNo=222215785068,드 디 어 가보았숩니다^^ #군산 지린성 #고추짜장지린성 으루 가는길에 복성루도 봤지요! 드디어지린성도착^^ 주차는 건너편 공용주차장이용가능!! 평일이라 그런지 웨이팅없이 바로 입장가능 오예~~~ 고추짜장 1... ,이옙일상 ღ'ᴗ'ღ,https://blog.naver.com/tyvtyv,2021-01-22
군산맛집 중국집지린성짜장면 짬뽕 먹고왔어요!,https://blog.naver.com/sweetsea65?Redirect=Log&logNo=222500374839,"짬뽕 몇군데 유명한 곳이 있는데 그중에지린성 을 갔다왔습니다. 영업시간 매일 09:30~16:00 화요일휴무 재료소진시 조기마감!! 주차 옆에 공영주차장에서 하시면 됩니당! 줄이 엄청 길어요!! 고추 짬뽕 9,000 짬뽕... ",키키의 블로그,https://blog.naver.com/sweetsea65,2021-09-09
군산맛집지린성솔직후기 몇번만에 성공 주차장 추천메뉴 휴무,https://blog.naver.com/somakuri?Redirect=Log&logNo=222542754530,오늘 군산에서 제일 유명한 중식당지린성 에 다녀 왔어요. 전국에서 다 올 정도로 유명한 중식당이라... ㅎㅎㅎㅎㅎ지린성✴️알림-지린성10월 휴무 매주 화요일 임시휴무 13일(수) 27일(수) ➡️주 소: 전북... ,앙리누나의 자유로운 삶을 꿈꾸며~,https://blog.naver.com/somakuri,2021-10-20
[군산 미원동] 군산지린성고추짜장 솔직후기,https://blog.naver.com/jhp444?Redirect=Log&logNo=221657008552,"군산 중국집 ::지린성고추짜장 [서론] 결론만 궁금하다면 읽지 말고 패스하세요 군산 내려온지 4년차 이지만지린성 은 처음가봤어요. (왜냐하면, 시간과 에너지도 돈인데.. 웨이팅을 지양하는 저로서는 가볼... ","작은 나, 큰 포부",https://blog.naver.com/jhp444,2019-09-25
